著者名,作品名,入力文字数,収集率,不一致の行数
アンデルセン_ハンス・クリスチャン,いいなずけ,2781,1,0
アンデルセン_ハンス・クリスチャン,すずの兵隊さん,5690,1,0
アンデルセン_ハンス・クリスチャン,とびくらべ,2410,0.958,2
アンデルセン_ハンス・クリスチャン,ほんとにそのとおり,2899,0.978,1
アンデルセン_ハンス・クリスチャン,みにくいアヒルの子,13300,0.975,7
アンデルセン_ハンス・クリスチャン,わるい王さま伝説,3405,1,0
アンデルセン_ハンス・クリスチャン,アンネリスベット,15611,0.988,5
アンデルセン_ハンス・クリスチャン,イーダちゃんのお花,9598,1,0
アンデルセン_ハンス・クリスチャン,コウノトリ,6205,1,0
アンデルセン_ハンス・クリスチャン,ナイチンゲール,12891,1,0
アンデルセン_ハンス・クリスチャン,ブタ飼い,5679,1,0
アンデルセン_ハンス・クリスチャン,ペンとインキつぼ,2949,1,0
アンデルセン_ハンス・クリスチャン,モミの木,11252,0.986,2
アンデルセン_ハンス・クリスチャン,人形つかい,5677,1,0
アンデルセン_ハンス・クリスチャン,人魚の姫,30100,0.985,12
アンデルセン_ハンス・クリスチャン,幸福な一家,4296,1,0
アンデルセン_ハンス・クリスチャン,眠りの精,12624,0.991,3
アンデルセン_ハンス・クリスチャン,空とぶトランク,7308,0.985,3
アンデルセン_ハンス・クリスチャン,雪だるま,6723,0.97,4
グリム_ヤーコプ・ルートヴィッヒ・カール,いさましいちびの仕立屋さん,10722,0.986,4
グリム_ヤーコプ・ルートヴィッヒ・カール,うまい商売,5177,0.979,3
グリム_ヤーコプ・ルートヴィッヒ・カール,こわいことを知りたくて旅にでかけた男の話,12338,0.984,5
グリム_ヤーコプ・ルートヴィッヒ・カール,なぞ,3732,0.997,1
グリム_ヤーコプ・ルートヴィッヒ・カール,ならずもの,2592,1,0
グリム_ヤーコプ・ルートヴィッヒ・カール,にいさんと妹,7828,0.984,2
グリム_ヤーコプ・ルートヴィッヒ・カール,わらと炭と豆,1613,1,0
グリム_ヤーコプ・ルートヴィッヒ・カール,オオカミと七ひきの子ヤギ,3612,1,0
グリム_ヤーコプ・ルートヴィッヒ・カール,ネコとネズミのいっしょのくらし,3347,1,0
グリム_ヤーコプ・ルートヴィッヒ・カール,ブレーメンの音楽師,4114,0.969,4
グリム_ヤーコプ・ルートヴィッヒ・カール,マリアの子ども,5972,0.965,5
グリム_ヤーコプ・ルートヴィッヒ・カール,ラプンツェル,4591,0.993,1
グリム_ヤーコプ・ルートヴィッヒ・カール,七羽のカラス,3140,1,0
グリム_ヤーコプ・ルートヴィッヒ・カール,三人の糸くり女,2952,1,0
グリム_ヤーコプ・ルートヴィッヒ・カール,三枚のヘビの葉,4699,1,0
グリム_ヤーコプ・ルートヴィッヒ・カール,十二人兄弟,6729,0.984,3
グリム_ヤーコプ・ルートヴィッヒ・カール,忠義者のヨハネス,10052,1,0
グリム_ヤーコプ・ルートヴィッヒ・カール,森のなかの三人の小人,6323,0.992,1
グリム_ヤーコプ・ルートヴィッヒ・カール,漁師とそのおかみさんの話,10090,0.989,2
グリム_ヤーコプ・ルートヴィッヒ・カール,白ヘビ,4999,0.993,1
グリム_ヤーコプ・ルートヴィッヒ・カール,赤ずきん,3792,1,0
チェーホフ_アントン,可愛い女,15463,0.947,13
チェーホフ_アントン,少年たち,7068,0.914,13
チェーホフ_アントン,犬を連れた奥さん,19285,0.918,31
ツルゲーネフ_イワン,はつ恋,74242,0.946,68
マン_パウル・トーマス,ある幸福,12054,0.989,2
マン_パウル・トーマス,なぐり合い,16339,0.99,3
マン_パウル・トーマス,トニオクレエゲル,64152,0.979,20
マン_パウル・トーマス,トリスタン,43406,0.975,14
マン_パウル・トーマス,ルイスヒェン,16458,0.977,4
マン_パウル・トーマス,ヴェニスに死す,83485,0.949,57
マン_パウル・トーマス,予言者の家で,7871,0.995,1
マン_パウル・トーマス,墓地へゆく道,9205,0.983,3
マン_パウル・トーマス,幸福への意志,15512,0.964,10
マン_パウル・トーマス,幻滅,6624,0.991,2
マン_パウル・トーマス,悩みのひととき,8825,1,0
マン_パウル・トーマス,神童,9247,1,0
マン_パウル・トーマス,衣裳戸棚,8789,0.976,3
マン_パウル・トーマス,道化者,29086,0.983,6
マン_パウル・トーマス,鉄道事故,10260,1,0
ユゴー_ヴィクトル,レミゼラブル_03序,271,1,0
ユゴー_ヴィクトル,レミゼラブル_04第一部ファンテーヌ,295385,0.95,265
ユゴー_ヴィクトル,レミゼラブル_06第三部マリユス,231730,0.941,277
ユゴー_ヴィクトル,レミゼラブル_07第四部叙情詩と叙事詩プリューメ街の恋歌とサンドゥニ街の戦歌,326000,0.949,326
ルナール_ジュール,にんじん,98517,0.982,19
三木清,人生論ノート,70602,0.979,24
下村湖人,次郎物語_02第二部,145502,0.944,197
下村湖人,次郎物語_03第三部,116882,0.922,171
下村湖人,次郎物語_04第四部,177522,0.936,221
中勘助,島守,18033,0.992,3
中島敦,光と風と夢,78617,0.927,136
中島敦,南島譚_02夫婦,7344,0.933,9
中島敦,南島譚_03雞,8757,0.977,5
中島敦,名人伝,5730,0.981,3
中島敦,山月記,5797,0.963,6
中島敦,弟子,23738,0.967,16
中島敦,悟浄出世,18540,0.935,25
中島敦,悟浄歎異_沙門悟浄の手記,12444,0.903,24
中島敦,文字禍,6441,0.926,9
中島敦,斗南先生,22165,0.946,29
中島敦,木乃伊,4306,0.936,8
中島敦,狐憑,4792,0.942,7
中島敦,環礁_ミクロネシヤ巡島記抄,36422,0.9,71
中島敦,章魚木の下で,2094,0.925,3
中谷宇吉郎,おにぎりの味,1210,1,0
中谷宇吉郎,かぶらずし,659,1,0
中谷宇吉郎,サラダの謎,2763,1,0
中谷宇吉郎,テレビの科学番組,2995,1,0
中谷宇吉郎,一人の無名作家,1121,1,0
中谷宇吉郎,九谷焼,6476,0.974,4
中谷宇吉郎,八月三日の夢,5796,0.93,8
中谷宇吉郎,南画を描く話,11920,0.971,4
中谷宇吉郎,原子爆弾雑話,6885,0.966,3
中谷宇吉郎,天地創造の話,7958,0.958,5
中谷宇吉郎,天災は忘れた頃来る,1056,1,0
中谷宇吉郎,室鰺,2513,1,0
中谷宇吉郎,寺田先生と銀座,1012,1,0
中谷宇吉郎,島津斉彬公,1101,1,0
中谷宇吉郎,指導者としての寺田先生,4202,1,0
中谷宇吉郎,日本石器時代提要のこと,1056,1,0
中谷宇吉郎,映画を作る話,12086,0.966,9
中谷宇吉郎,比較科学論,9482,0.972,4
中谷宇吉郎,流言蜚語,1933,1,0
中谷宇吉郎,淡窓先生の教育,1083,1,0
中谷宇吉郎,由布院行,6757,1,0
中谷宇吉郎,真夏の日本海,4863,0.973,3
中谷宇吉郎,硝子を破る者,6728,1,0
中谷宇吉郎,私の履歴書,5622,1,0
中谷宇吉郎,私の生まれた家,1381,1,0
中谷宇吉郎,科学と文化,3852,1,0
中谷宇吉郎,立春の卵,8429,0.981,3
中谷宇吉郎,簪を挿した蛇,9656,0.975,4
中谷宇吉郎,線香の火,1102,1,0
中谷宇吉郎,自然の恵み_少国民のための新しい雪の話,9116,0.967,10
中谷宇吉郎,茶碗の湯のことなど,5020,1,0
中谷宇吉郎,西遊記の夢,8919,0.987,2
中谷宇吉郎,語呂の論理,6575,0.911,8
中谷宇吉郎,貝鍋の歌,1754,0.974,2
中谷宇吉郎,雪の話,3971,0.979,2
中谷宇吉郎,雪を作る話,2917,0.99,3
中谷宇吉郎,雪今昔物語,15614,0.929,22
中谷宇吉郎,雪後記,8805,0.98,4
中谷宇吉郎,雪雑記,9988,1,0
中谷宇吉郎,霜柱の研究について,4614,1,0
中谷宇吉郎,露伴先生と神仙道,7977,0.949,7
中谷宇吉郎,面白味,1017,1,0
中谷宇吉郎,鼠の湯治,4043,0.924,4
中里介山,大菩薩峠_01甲源一刀流の巻,61087,0.966,30
中里介山,大菩薩峠_02鈴鹿山の巻,36833,0.985,16
中里介山,大菩薩峠_03壬生と島原の巻,50664,0.963,27
中里介山,大菩薩峠_04三輪の神杉の巻,49237,0.971,29
中里介山,大菩薩峠_05龍神の巻,36765,0.965,20
中里介山,大菩薩峠_06間の山の巻,63929,0.97,35
中里介山,大菩薩峠_07東海道の巻,49509,0.971,23
中里介山,大菩薩峠_08白根山の巻,43401,0.988,10
中里介山,大菩薩峠_09女子と小人の巻,50700,0.995,5
中里介山,大菩薩峠_10市中騒動の巻,60133,0.98,17
中里介山,大菩薩峠_11駒井能登守の巻,55221,0.99,3
中里介山,大菩薩峠_12伯耆の安綱の巻,46551,0.98,22
中里介山,大菩薩峠_13如法闇夜の巻,85874,0.981,21
中里介山,大菩薩峠_14お銀様の巻,92937,0.953,75
中里介山,大菩薩峠_15慢心和尚の巻,83275,0.947,74
中里介山,大菩薩峠_16道庵と鯔八の巻,77564,0.922,86
中里介山,大菩薩峠_17黒業白業の巻,90638,0.942,81
中里介山,大菩薩峠_18安房の国の巻,92204,0.971,31
中里介山,大菩薩峠_19小名路の巻,99770,0.985,21
中里介山,大菩薩峠_20禹門三級の巻,84218,0.981,25
中里介山,大菩薩峠_21無明の巻,149703,0.964,86
中里介山,大菩薩峠_22白骨の巻,126966,0.973,54
中里介山,大菩薩峠_23他生の巻,144348,0.956,71
中里介山,大菩薩峠_24流転の巻,157684,0.97,82
中里介山,大菩薩峠_25みちりやの巻,114619,0.979,42
中里介山,大菩薩峠_26めいろの巻,168242,0.966,76
中里介山,大菩薩峠_27鈴慕の巻,70875,0.969,38
中里介山,大菩薩峠_28Oceanの巻,57257,0.976,19
中里介山,大菩薩峠_29年魚市の巻,236654,0.965,277
中里介山,大菩薩峠_30畜生谷の巻,74016,0.978,18
中里介山,大菩薩峠_31勿来の巻,146977,0.97,71
中里介山,大菩薩峠_32弁信の巻,199396,0.952,100
中里介山,大菩薩峠_33不破の関の巻,202480,0.967,79
中里介山,大菩薩峠_34白雲の巻,103849,0.952,77
中里介山,大菩薩峠_35胆吹の巻,96326,0.975,31
中里介山,大菩薩峠_36新月の巻,201907,0.971,65
中里介山,大菩薩峠_37恐山の巻,250636,0.962,140
中里介山,大菩薩峠_38農奴の巻,167880,0.953,81
中里介山,大菩薩峠_39京の夢おう坂の夢の巻,163745,0.926,194
中里介山,大菩薩峠_41椰子林の巻,176812,0.962,82
久生十蘭,ユモレスク,9964,0.918,13
久生十蘭,川波,8967,0.958,7
久生十蘭,平賀源内捕物帳_萩寺の女,18971,0.978,11
久生十蘭,昆虫図,1750,1,0
久生十蘭,春の山,8720,0.968,7
久生十蘭,母子像,7718,0.96,4
久生十蘭,水草,1265,1,0
久生十蘭,無月物語,19425,0.969,8
久生十蘭,生霊,9228,0.933,10
久生十蘭,虹の橋,14937,0.95,10
久生十蘭,雪間,11734,0.982,4
久生十蘭,雲の小径,16495,0.989,2
久生十蘭,骨仏,2089,0.984,1
二葉亭四迷,平凡,80288,0.933,81
伊藤左千夫,姪子,5417,1,0
伊藤左千夫,守の家,3547,1,0
伊藤左千夫,春の潮,38226,0.957,32
伊藤左千夫,浜菊,10281,0.995,1
伊藤左千夫,牛舎の日記,1637,1,0
伊藤左千夫,野菊の墓,33404,0.962,33
伊藤左千夫,隣の嫁,23129,0.98,12
佐々木味津三,旗本退屈男_01第一話旗本退屈男,19309,0.95,10
佐々木味津三,旗本退屈男_02第二話続旗本退屈男,16132,0.901,17
佐々木味津三,旗本退屈男_03第三話後の旗本退屈男,14373,0.939,5
佐々木味津三,旗本退屈男_04第四話京へ上った退屈男,24134,0.953,15
佐々木味津三,旗本退屈男_05第五話三河に現れた退屈男,21370,0.947,17
佐々木味津三,旗本退屈男_06第六話身延に現れた退屈男,18306,0.958,12
佐々木味津三,旗本退屈男_07第七話仙台に現れた退屈男,19495,0.949,19
佐々木味津三,旗本退屈男_08第八話日光に現れた退屈男,26307,0.943,27
佐々木味津三,旗本退屈男_09第九話江戸に帰った退屈男,19863,0.974,7
佐々木味津三,旗本退屈男_10第十話幽霊を買った退屈男,20042,0.957,24
佐々木味津三,旗本退屈男_11第十一話千代田城へ乗り込んだ退屈男,39917,0.944,42
佐々木邦,いたずら小僧日記,62695,0.993,12
佐々木邦,ガラマサどん,98191,0.937,333
佐々木邦,凡人伝,97241,0.962,203
佐々木邦,勝ち運負け運,118568,0.944,338
佐々木邦,脱線息子,105951,0.919,391
佐々木邦,苦心の学友,161028,0.952,355
佐々木邦,親鳥子鳥,87810,0.989,33
佐々木邦,負けない男,97905,0.952,322
佐左木俊郎,仮装観桜会,12388,0.984,3
佐左木俊郎,恐怖城,76721,0.984,21
佐左木俊郎,或る嬰児殺しの動機,11647,0.975,5
佐左木俊郎,猟奇の街,14300,0.982,4
佐左木俊郎,街頭の偽映鏡,12941,0.991,1
佐左木俊郎,錯覚の拷問室,14020,0.993,2
佐藤紅緑,ああ玉杯に花うけて,125639,0.962,60
倉田百三,出家とその弟子,121742,0.903,360
北原白秋,木曾川,25436,0.978,14
北大路魯山人,いなせな縞の初鰹,1430,1,0
北大路魯山人,お米の話,1442,1,0
北大路魯山人,お茶漬けの味,1913,0.983,3
北大路魯山人,くちこ,1006,1,0
北大路魯山人,てんぷらの茶漬け,477,1,0
北大路魯山人,インチキ鮎,2037,1,0
北大路魯山人,一癖あるどじょう,1309,1,0
北大路魯山人,三州仕立て小蕪汁,1954,1,0
北大路魯山人,京都のごりの茶漬け,986,1,0
北大路魯山人,個性,2560,0.966,3
北大路魯山人,化学調味料,1148,0.967,2
北大路魯山人,味を知るもの鮮し,3635,0.944,4
北大路魯山人,味覚の美と芸術の美,5011,1,0
北大路魯山人,味覚馬鹿,8641,0.992,2
北大路魯山人,塩昆布の茶漬け,766,1,0
北大路魯山人,塩鮭塩鱒の茶漬け,1083,1,0
北大路魯山人,家庭料理の話,2147,1,0
北大路魯山人,小ざかな干物の味,1849,1,0
北大路魯山人,山椒,378,0.907,2
北大路魯山人,山椒魚,2809,1,0
北大路魯山人,序に代えて,974,0.902,5
北大路魯山人,持ち味を生かす,1482,1,0
北大路魯山人,握り寿司の名人,9279,0.985,2
北大路魯山人,数の子は音を食うもの,1714,1,0
北大路魯山人,料理する心,3726,0.933,2
北大路魯山人,料理の妙味,1591,1,0
北大路魯山人,料理の秘訣,2952,1,0
北大路魯山人,料理は道理を料るもの,1207,1,0
北大路魯山人,料理も創作である,1135,1,0
北大路魯山人,日本芥子,674,0.923,2
北大路魯山人,昆布とろ,2240,1,0
北大路魯山人,昆布とろの吸い物,826,1,0
北大路魯山人,明石鯛に優る朝鮮の鯛,1849,0.933,2
北大路魯山人,東京で自慢の鮑,1243,1,0
北大路魯山人,椎茸の話,569,1,0
北大路魯山人,残肴の処理,1808,0.939,3
北大路魯山人,沢庵,507,0.913,2
北大路魯山人,河豚のこと,2805,1,0
北大路魯山人,河豚は毒魚か,3072,0.946,6
北大路魯山人,洗いづくりの世界,2120,1,0
北大路魯山人,洗いづくりの美味さ,1228,1,0
北大路魯山人,洛北深泥池の蓴菜,1129,1,0
北大路魯山人,海にふぐ山にわらび,1310,1,0
北大路魯山人,海の青と空の青,2998,1,0
北大路魯山人,海苔の茶漬け,1559,1,0
北大路魯山人,猪の味,4060,1,0
北大路魯山人,琥珀揚げ,1165,1,0
北大路魯山人,田螺,1423,1,0
北大路魯山人,白菜のスープ煮,665,1,0
北大路魯山人,知らずや肝の美味,1220,1,0
北大路魯山人,納豆の茶漬け,1209,1,0
北大路魯山人,美味い豆腐の話,1838,0.934,3
北大路魯山人,美食と人生,1537,0.952,1
北大路魯山人,美食多産期の腹構え,1558,1,0
北大路魯山人,胡瓜,960,0.907,2
北大路魯山人,若狭春鯖のなれずし,1078,1,0
北大路魯山人,若鮎の気品を食う,1104,1,0
北大路魯山人,茶碗蒸し,866,1,0
北大路魯山人,薄口醤油,1358,0.951,3
北大路魯山人,蝦蟇を食べた話,3384,1,0
北大路魯山人,西園寺公の食道楽,2661,0.954,2
北大路魯山人,車蝦の茶漬け,632,1,0
北大路魯山人,道は次第に狭し,5056,1,0
北大路魯山人,鍋料理の話,3139,1,0
北大路魯山人,食器は料理のきもの,3494,1,0
北大路魯山人,高野豆腐,1181,1,0
北大路魯山人,鮎の名所,1637,0.968,2
北大路魯山人,鮎の試食時代,1203,1,0
北大路魯山人,鮎の食い方,2252,1,0
北大路魯山人,鮎ははらわた,1251,1,0
北大路魯山人,鮎を食う,1508,1,0
北大路魯山人,鮑の水貝,948,1,0
北大路魯山人,鮪の茶漬け,2229,1,0
北大路魯山人,鮪を食う話,4134,1,0
北大路魯山人,鰻の話,3384,1,0
北条民雄,いのちの初夜,23256,0.955,23
北条民雄,すみれ,2140,1,0
北条民雄,可愛いポール,2031,1,0
北条民雄,重病室日誌,6690,0.952,7
原民喜,冬日記,8965,0.983,3
原民喜,壊滅の序曲,28920,0.991,2
原民喜,夏の花,12727,0.979,10
原民喜,廃墟から,14211,0.99,3
原民喜,死のなかの風景,10243,0.987,3
原民喜,永遠のみどり,11177,0.989,2
原民喜,火の唇,10492,0.983,4
原民喜,秋日記,9484,0.996,2
原民喜,美しき死の岸に,9706,0.973,6
原民喜,苦しく美しき夏,7811,0.996,1
原民喜,鎮魂歌,28603,0.989,8
古川緑波,ああ東京は食い倒れ,2225,1,0
古川緑波,うどんのお化け,2447,1,0
古川緑波,想い出,2021,1,0
古川緑波,清涼飲料,2042,1,0
古川緑波,牛鍋からすき焼へ,5163,0.935,7
古川緑波,甘話休題,7225,0.98,3
古川緑波,神戸,7141,0.931,12
古川緑波,駄パンその他,2612,1,0
吉川英治,三国志_02桃園の巻,152206,0.932,393
吉川英治,三国志_03群星の巻,148199,0.982,84
吉川英治,三国志_04草莽の巻,147761,0.967,146
吉川英治,三国志_05臣道の巻,155301,0.98,84
吉川英治,三国志_06孔明の巻,158176,0.98,88
吉川英治,三国志_07赤壁の巻,161103,0.981,80
吉川英治,三国志_08望蜀の巻,155817,0.98,104
吉川英治,三国志_09図南の巻,169574,0.961,198
吉川英治,三国志_10出師の巻,188244,0.98,104
吉川英治,三国志_11五丈原の巻,170101,0.961,180
吉川英治,上杉謙信,127334,0.925,316
吉川英治,剣の四君子_02柳生石舟斎,39696,0.992,5
吉川英治,剣の四君子_03林崎甚助,10356,0.965,5
吉川英治,剣の四君子_04高橋泥舟,9750,0.992,4
吉川英治,剣の四君子_05小野忠明,25872,0.99,5
吉川英治,剣難女難,241335,0.914,380
吉川英治,増長天王,11328,0.95,11
吉川英治,夏虫行燈,17907,0.983,9
吉川英治,夕顔の門,13748,0.99,8
吉川英治,大岡越前,216263,0.987,68
吉川英治,大谷刑部,16980,0.971,11
吉川英治,宮本武蔵_02地の巻,90506,0.931,150
吉川英治,宮本武蔵_03水の巻,135083,0.918,249
吉川英治,宮本武蔵_04火の巻,183527,0.983,80
吉川英治,宮本武蔵_05風の巻,277622,0.978,132
吉川英治,宮本武蔵_06空の巻,224451,0.977,129
吉川英治,宮本武蔵_07二天の巻,154379,0.989,46
吉川英治,宮本武蔵_08円明の巻,191157,0.982,102
吉川英治,小説のタネ,11321,0.948,13
吉川英治,御鷹,8668,0.992,4
吉川英治,新書太閤記_01第一分冊,177350,0.955,196
吉川英治,新書太閤記_02第二分冊,187511,0.958,184
吉川英治,新書太閤記_03第三分冊,182464,0.968,151
吉川英治,新書太閤記_04第四分冊,184864,0.975,114
吉川英治,新書太閤記_05第五分冊,194498,0.972,125
吉川英治,新書太閤記_06第六分冊,197355,0.953,180
吉川英治,新書太閤記_07第七分冊,198511,0.96,184
吉川英治,新書太閤記_08第八分冊,190126,0.974,106
吉川英治,新書太閤記_09第九分冊,185074,0.962,157
吉川英治,新書太閤記_10第十分冊,174646,0.963,137
吉川英治,新書太閤記_11第十一分冊,184333,0.964,129
吉川英治,新水滸伝,678863,0.958,670
吉川英治,新編忠臣蔵,332264,0.978,221
吉川英治,旗岡巡査,24096,0.978,13
吉川英治,日本名婦伝_大楠公夫人,10593,0.965,6
吉川英治,日本名婦伝_太閤夫人,9306,0.973,5
吉川英治,日本名婦伝_小野寺十内の妻,8093,0.964,3
吉川英治,日本名婦伝_細川ガラシヤ夫人,12607,0.974,6
吉川英治,日本名婦伝_谷干城夫人,21083,0.977,9
吉川英治,日本名婦伝_静御前,11119,0.989,3
吉川英治,春の雁,10406,0.929,12
吉川英治,梅ちらほら,2683,1,0
吉川英治,梅里先生行状記,206511,0.986,65
吉川英治,梅颸の杖,14913,0.946,16
吉川英治,死んだ千鳥,15319,0.974,15
吉川英治,江戸三国志,570250,0.962,388
吉川英治,治郎吉格子,19883,0.984,9
吉川英治,源頼朝,301143,0.964,239
吉川英治,濞かみ浪人,19055,0.975,15
吉川英治,牢獄の花嫁,160280,0.979,65
吉川英治,田崎草雲とその子,19322,0.971,15
吉川英治,神州天馬侠,507187,0.946,480
吉川英治,私本太平記_01あしかが帖,121908,0.962,180
吉川英治,私本太平記_02婆娑羅帖,121353,0.993,26
吉川英治,私本太平記_04帝獄帖,111312,0.987,29
吉川英治,私本太平記_05世の辻の帖,107780,0.986,46
吉川英治,私本太平記_06八荒帖,107028,0.991,28
吉川英治,私本太平記_07千早帖,119576,0.994,32
吉川英治,私本太平記_08新田帖,121726,0.986,43
吉川英治,私本太平記_09建武らくがき帖,127704,0.986,40
吉川英治,私本太平記_10風花帖,121885,0.99,27
吉川英治,私本太平記_11筑紫帖,85818,0.992,18
吉川英治,私本太平記_12湊川帖,119229,0.994,29
吉川英治,私本太平記_13黒白帖,115328,0.987,31
吉川英治,篝火の女,27326,0.984,17
吉川英治,紅梅の客,7521,0.925,10
吉川英治,脚,13871,0.98,7
吉川英治,醤油仏,14481,0.976,6
吉川英治,銀河まつり,25784,0.981,11
吉川英治,鍋島甲斐守,11211,0.973,7
吉川英治,随筆私本太平記,56554,0.954,59
吉川英治,雲霧閻魔帳,33207,0.977,17
吉川英治,鬼,15688,0.974,13
吉川英治,魚紋,14421,0.975,9
吉川英治,鳴門秘帖_01上方の巻,121911,0.989,24
吉川英治,鳴門秘帖_02江戸の巻,137693,0.977,54
吉川英治,鳴門秘帖_03木曾の巻,56461,0.96,42
吉川英治,鳴門秘帖_04船路の巻,135003,0.965,92
吉川英治,鳴門秘帖_05剣山の巻,63510,0.991,15
吉川英治,鳴門秘帖_06鳴門の巻,59355,0.99,13
吉川英治,黒田如水,162074,0.968,110
吉行エイスケ,地図に出てくる男女,11561,0.968,4
吉行エイスケ,女百貨店,9677,0.98,6
吉行エイスケ,孟買挿話,10216,0.94,7
吉行エイスケ,東京ロマンティック恋愛記,2951,0.918,4
吉行エイスケ,飛行機から墜ちるまで,2350,0.926,8
和辻哲郎,アフリカの文化,2535,1,0
和辻哲郎,世界の変革と芸術,4935,0.962,3
和辻哲郎,人物埴輪の眼,3162,1,0
和辻哲郎,劉生画集及芸術観について,4667,0.949,5
和辻哲郎,土下座,2313,1,0
和辻哲郎,城,4205,0.966,3
和辻哲郎,夏目先生の追憶,10231,1,0
和辻哲郎,岡倉先生の思い出,1867,0.924,3
和辻哲郎,巨椋池の蓮,5993,0.98,2
和辻哲郎,文楽座の人形芝居,4722,1,0
和辻哲郎,松風の音,1462,1,0
和辻哲郎,歌集涌井を読む,2545,1,0
和辻哲郎,漱石の人物,11411,0.994,2
和辻哲郎,能面の様式,2522,1,0
和辻哲郎,茸狩り,2656,1,0
和辻哲郎,藤村の個性,6743,1,0
和辻哲郎,院展日本画所感,5073,1,0
和辻哲郎,露伴先生の思い出,4147,0.982,2
和辻哲郎,青丘雑記を読む,1914,1,0
和辻哲郎,面とペルソナ,4767,0.986,2
国木田独歩,女難,22559,0.903,27
国木田独歩,富岡先生,15187,0.921,15
国木田独歩,忘れえぬ人々,9354,0.906,15
国木田独歩,春の鳥,7482,0.911,10
国木田独歩,武蔵野,15497,0.972,6
国木田独歩,河霧,7506,0.912,15
国木田独歩,酒中日記,25657,0.925,51
国枝史郎,銅銭会事変,35322,0.945,63
坂口安吾,いずこへ,18621,0.99,2
坂口安吾,おみな,5391,0.932,6
坂口安吾,もう軍備はいらない,8166,0.931,4
坂口安吾,わが思想の息吹,2447,0.996,2
坂口安吾,アンゴウ,11121,0.963,6
坂口安吾,インチキ文学ボクメツ雑談,1814,0.978,1
坂口安吾,オモチャ箱,22417,0.974,5
坂口安吾,デカダン文学論,9515,0.983,1
坂口安吾,ピエロ伝道者,2152,0.948,2
坂口安吾,ヤミ論語,18053,0.965,10
坂口安吾,三十歳,15990,0.982,6
坂口安吾,不良少年とキリスト,13899,0.981,8
坂口安吾,二十一,10778,0.945,9
坂口安吾,余はベンメイす,5810,0.993,1
坂口安吾,保久呂天皇,12941,0.99,6
坂口安吾,勉強記,17869,0.978,7
坂口安吾,南京虫殺人事件,12569,0.985,5
坂口安吾,堕落論,7578,0.954,5
坂口安吾,堕落論続堕落論,7611,1,0
坂口安吾,夜長姫と耳男,27277,0.98,10
坂口安吾,天才になりそこなった男の話,2197,1,0
坂口安吾,天皇陛下にさぐる言葉,6127,0.978,2
坂口安吾,恋愛論,5507,0.982,2
坂口安吾,悪妻論,3654,1,0
坂口安吾,意慾的創作文章の形式と方法,7720,0.985,2
坂口安吾,投手殺人事件,28039,0.98,27
坂口安吾,探偵の巻,4321,0.949,3
坂口安吾,握った手,11213,0.961,8
坂口安吾,敬語論,5215,0.969,4
坂口安吾,文字と速力と文学,3644,0.988,1
坂口安吾,文章の一形式,4844,1,0
坂口安吾,日本文化私観,21744,0.93,26
坂口安吾,桜の森の満開の下,16614,0.979,6
坂口安吾,梟雄,14922,0.977,6
坂口安吾,正午の殺人,13778,0.986,6
坂口安吾,武者ぶるい論,3814,1,0
坂口安吾,死と影,5119,0.931,6
坂口安吾,母,4447,0.97,2
坂口安吾,流浪の追憶,4150,1,0
坂口安吾,石の思い,15184,0.992,2
坂口安吾,私は海をだきしめていたい,6998,1,0
坂口安吾,篠笹の陰の顔,5741,0.98,2
坂口安吾,紫大納言,12802,0.994,1
坂口安吾,続堕落論,7622,0.945,8
坂口安吾,能面の秘密,17292,0.94,20
坂口安吾,選挙殺人事件,13650,0.922,31
坂口安吾,釣り師の心境,5511,0.962,3
坂口安吾,閑山,6875,0.951,6
坂口安吾,青い絨毯,9467,0.993,1
坂口安吾,青春論,34492,0.915,49
坂口安吾,青鬼の褌を洗う女,40160,0.989,3
坂口安吾,風と光と二十の私と,15080,0.938,15
坂口安吾,魔の退屈,11317,0.986,3
堀辰雄,あいびき,2433,0.951,2
堀辰雄,かげろうの日記,30783,0.932,27
堀辰雄,ほととぎす,30117,0.932,27
堀辰雄,ルウベンスの偽画,10516,0.971,8
堀辰雄,姨捨,10306,0.946,10
堀辰雄,幼年時代,36918,0.907,49
堀辰雄,晩夏,13077,0.905,18
堀辰雄,曠野,10233,0.98,5
堀辰雄,木の十字架,6610,0.911,10
堀辰雄,燃ゆる頬,7965,0.948,9
堀辰雄,窓,3668,0.96,2
堀辰雄,美しい村,42646,0.972,16
堀辰雄,聖家族,15762,0.978,5
堀辰雄,花を持てる女,17952,0.972,13
堀辰雄,菜穂子,88385,0.94,83
堀辰雄,風立ちぬ,54481,0.959,28
堀辰雄,麦藁帽子,15412,0.921,29
壺井栄,二十四の瞳,112665,0.955,161
壺井栄,大根の葉,24693,0.966,21
壺井栄,柿の木のある家,15363,0.999,2
壺井栄,赤いステッキ,11417,0.972,12
夏目漱石,こころ,160390,0.987,79
夏目漱石,それから,172295,0.983,63
夏目漱石,イズムの功過,1564,1,0
夏目漱石,カーライル博物館,6813,0.958,2
夏目漱石,ケーベル先生,3226,1,0
夏目漱石,ケーベル先生の告別,1527,1,0
夏目漱石,コンラッドの描きたる自然について,1492,0.96,1
夏目漱石,一夜,6001,1,0
夏目漱石,三四郎,169083,0.96,193
夏目漱石,三山居士,1772,1,0
夏目漱石,中味と形式,15532,0.968,7
夏目漱石,予の描かんと欲する作品,2613,0.987,1
夏目漱石,二百十日,29390,0.975,27
夏目漱石,京に着ける夕,3994,1,0
夏目漱石,作物の批評,6421,1,0
夏目漱石,倫敦塔,16111,0.961,16
夏目漱石,倫敦消息,19143,0.928,22
夏目漱石,元日,1478,0.941,1
夏目漱石,写生文,5529,1,0
夏目漱石,処女作追懐談,3362,1,0
夏目漱石,初秋の一日,1653,1,0
夏目漱石,創作家の態度,65009,0.967,25
夏目漱石,吾輩は猫である,318850,0.971,150
夏目漱石,坊っちゃん,88408,0.99,14
夏目漱石,坑夫,141513,0.993,22
夏目漱石,変な音,3754,0.979,3
夏目漱石,夢十夜,15864,0.986,9
夏目漱石,子規の画,1631,0.974,1
夏目漱石,岡本一平著並画探訪画趣序,1636,0.949,2
夏目漱石,幻影の盾,22201,0.975,9
夏目漱石,彼岸過迄,194721,0.984,44
夏目漱石,思い出す事など,56589,0.953,109
夏目漱石,手紙,11795,1,0
夏目漱石,文壇の趨勢,3057,1,0
夏目漱石,文芸の哲学的基礎,49469,0.987,8
夏目漱石,文芸は男子一生の事業とするに足らざる乎,3091,0.996,1
夏目漱石,文鳥,10516,1,0
夏目漱石,明暗,320672,0.992,57
夏目漱石,明治座の所感を虚子君に問れて,2490,1,0
夏目漱石,木下杢太郎唐草表紙序,3466,0.997,1
夏目漱石,模倣と独立,20624,1,0
夏目漱石,永日小品,49813,0.985,15
夏目漱石,満韓ところどころ,74009,0.98,26
夏目漱石,現代日本の開化,18451,1,0
夏目漱石,琴のそら音,20978,0.984,8
夏目漱石,田山花袋君に答う,1383,1,0
夏目漱石,硝子戸の中,52435,0.986,16
夏目漱石,私の個人主義,23431,0.997,1
夏目漱石,草枕,84188,0.972,88
夏目漱石,薤露行,19836,0.963,15
夏目漱石,虚子君へ,3393,1,0
夏目漱石,虞美人草,197609,0.991,54
夏目漱石,行人,222239,0.988,71
夏目漱石,趣味の遺伝,38192,0.994,6
夏目漱石,道楽と職業,17097,0.951,9
夏目漱石,道草,144746,0.982,63
夏目漱石,野分,93241,0.996,5
夏目漱石,長谷川君と余,4615,1,0
夏目漱石,門,139325,0.993,23
外村繁,夢幻泡影,13370,0.96,16
夢野久作,あやかしの鼓,38184,0.994,7
夢野久作,いなかのじけん,39057,0.955,32
夢野久作,けむりを吐かぬ煙突,13727,0.911,27
夢野久作,キキリツツリ,3037,1,0
夢野久作,クチマネ,3376,0.953,4
夢野久作,ツクツク法師,2775,1,0
夢野久作,ビルディング,923,1,0
夢野久作,三つの眼鏡,1713,1,0
夢野久作,卵,3747,1,0
夢野久作,女坑主,12813,0.944,13
夢野久作,少女地獄,104437,0.96,51
夢野久作,微笑,759,1,0
夢野久作,怪夢,10966,0.965,9
夢野久作,支那米の袋,25251,0.949,21
夢野久作,木魂,23528,0.916,20
夢野久作,正夢,1751,1,0
夢野久作,死後の恋,18183,0.965,7
夢野久作,犬と人形,1503,1,0
夢野久作,瓶詰地獄,6687,0.94,10
夢野久作,白椿,2739,0.991,1
夢野久作,白菊,12368,0.931,13
夢野久作,線路,1801,0.955,2
夢野久作,縊死体,1436,1,0
夢野久作,虫の生命,2829,1,0
夢野久作,青水仙赤水仙,1341,1,0
夢野久作,黒い頭,1806,1,0
大阪圭吉,三狂人,13198,0.936,19
大阪圭吉,動かぬ鯨群,14231,0.951,13
大阪圭吉,寒の夜晴れ,13396,0.947,8
大阪圭吉,銀座幽霊,13132,0.903,26
大阪圭吉,闖入者,12089,0.95,4
太宰治,あさましきもの,1801,0.978,1
太宰治,おさん,10238,0.993,6
太宰治,おしゃれ童子,5971,0.956,4
太宰治,かくめい,129,1,0
太宰治,きりぎりす,12636,0.994,1
太宰治,たずねびと,7077,0.903,9
太宰治,めくら草紙,6669,0.983,7
太宰治,もの思う葦_当りまえのことを当りまえに語る,20320,0.939,25
太宰治,やんぬる哉,4597,1,0
太宰治,わが半生を語る,3885,0.984,1
太宰治,わが愛好する言葉,88,1,0
太宰治,ア秋,1466,0.905,10
太宰治,グッドバイ,14679,0.946,16
太宰治,ダスゲマイネ,21556,0.979,8
太宰治,チャンス,8314,0.971,2
太宰治,デカダン抗議,3854,0.99,3
太宰治,トカトントン,12741,0.991,3
太宰治,リイズ,3352,0.984,3
太宰治,ロマネスク,18661,1,0
太宰治,ヴィヨンの妻,20302,0.967,2
太宰治,一つの約束,753,1,0
太宰治,一問一答,1163,1,0
太宰治,一歩前進二歩退却,961,1,0
太宰治,三月三十日,1913,0.925,2
太宰治,不審庵,7767,0.928,8
太宰治,世界的,1002,1,0
太宰治,五所川原,692,0.951,1
太宰治,人間失格,72582,0.961,31
太宰治,令嬢アユ,5713,0.994,2
太宰治,佐渡,11244,0.987,8
太宰治,作家の像,3492,1,0
太宰治,八十八夜,13583,0.961,12
太宰治,六月十九日,641,1,0
太宰治,列車,3081,1,0
太宰治,十五年間,18494,0.969,10
太宰治,千代女,11991,1,0
太宰治,古典竜頭蛇尾,2591,0.936,4
太宰治,善蔵を思う,14013,0.984,5
太宰治,嘘,8331,0.965,6
太宰治,地球図,6586,0.948,2
太宰治,天狗,3731,0.96,6
太宰治,失敗園,2449,1,0
太宰治,女の決闘,37523,0.99,4
太宰治,女人創造,1753,0.945,4
太宰治,女人訓戒,3856,0.938,2
太宰治,女生徒,31098,0.995,4
太宰治,女神,6984,0.981,5
太宰治,女類,7828,0.985,4
太宰治,如是我聞,22725,0.956,16
太宰治,姥捨,13765,0.996,1
太宰治,家庭の幸福,8303,1,0
太宰治,容貌,705,1,0
太宰治,富士に就いて,1082,1,0
太宰治,小志,203,1,0
太宰治,川端康成へ,2071,0.986,1
太宰治,帰去来,15415,0.982,5
太宰治,座興に非ず,1861,0.992,1
太宰治,庭,3452,1,0
太宰治,弱者の糧,1777,1,0
太宰治,彼は昔の彼ならず,28158,0.977,15
太宰治,徒党について,1164,1,0
太宰治,心の王者,2160,1,0
太宰治,思案の敗北,2515,0.96,1
太宰治,恥,7559,0.967,2
太宰治,悶悶日記,1499,0.965,3
太宰治,惜別,91856,0.95,62
太宰治,愛と美について,12737,0.95,13
太宰治,或る忠告,866,1,0
太宰治,政治家と家庭,458,1,0
太宰治,故郷,10799,0.992,2
太宰治,斜陽,88985,0.973,37
太宰治,断崖の錯覚,12405,0.984,7
太宰治,新しい形の個人主義,157,1,0
太宰治,春,972,1,0
太宰治,春昼,793,1,0
太宰治,晩年と女生徒,804,1,0
太宰治,服装に就いて,12168,0.989,2
太宰治,朝,2982,1,0
太宰治,未帰還の友に,10173,0.959,11
太宰治,東京八景_苦難の或人に贈る,20610,0.979,15
太宰治,桜桃,4813,0.987,2
太宰治,横綱,412,1,0
太宰治,母,7156,1,0
太宰治,水仙,11316,0.996,3
太宰治,海,741,1,0
太宰治,満願,1500,1,0
太宰治,灯籠,5721,1,0
太宰治,炎天汗談,1282,0.946,3
太宰治,無趣味,353,1,0
太宰治,無題,450,0.913,3
太宰治,父,7191,0.982,7
太宰治,犯人,7900,0.986,3
太宰治,猿ヶ島,5722,1,0
太宰治,猿面冠者,14981,0.957,11
太宰治,玩具,4342,0.972,3
太宰治,田舎者,117,0.949,2
太宰治,皮膚と心,15831,0.972,7
太宰治,眉山,7089,0.988,3
太宰治,私の著作集,449,1,0
太宰治,竹青,10970,0.959,4
太宰治,答案落第,2231,0.908,5
太宰治,純真,490,1,0
太宰治,緒方氏を殺した者,1026,1,0
太宰治,織田君の死,688,1,0
太宰治,美少女,5614,0.971,3
太宰治,自作を語る,1808,1,0
太宰治,自信の無さ,612,1,0
太宰治,花吹雪,16892,0.93,14
太宰治,芸術ぎらい,2711,0.915,2
太宰治,苦悩の年鑑,7578,0.951,6
太宰治,葉,9488,0.983,4
太宰治,葉桜と魔笛,6123,1,0
太宰治,親という二字,2968,0.954,5
太宰治,親友交歓,14711,0.988,2
太宰治,誰も知らぬ,7122,0.989,1
太宰治,豊島与志雄著高尾ざんげ解説,1427,0.912,4
太宰治,貨幣,5756,1,0
太宰治,走れメロス,9818,0.99,5
太宰治,逆行,11539,0.949,7
太宰治,酒ぎらい,5891,0.954,4
太宰治,酒の追憶,6796,0.996,2
太宰治,雀,6607,0.994,1
太宰治,雌に就いて,4988,0.982,4
太宰治,青森,661,1,0
太宰治,風の便り,32916,0.966,16
太宰治,食通,510,1,0
太宰治,饗応夫人,6877,1,0
太宰治,駈込み訴え,13489,0.955,6
太宰治,鬱屈禍,1935,1,0
太宰治,魚服記,5103,1,0
太宰治,鴎,11425,0.95,9
太宰治,黄村先生言行録,13770,1,0
太宰治,黄金風景,2940,1,0
室生犀星,あじゃり,10972,0.993,3
室生犀星,しゃりこうべ,3938,0.99,1
室生犀星,みずうみ,17603,0.968,9
室生犀星,ゆめの話,3054,1,0
室生犀星,われはうたえどもやぶれかぶれ,45494,0.996,3
室生犀星,三階の家,11149,0.992,3
室生犀星,不思議な国の話,6483,0.98,2
室生犀星,不思議な魚,4742,1,0
室生犀星,天狗,3493,1,0
室生犀星,幻影の都市,27032,0.996,3
室生犀星,幼年時代,30793,0.982,16
室生犀星,後の日の童子,15502,0.988,6
室生犀星,性に眼覚める頃,39545,0.989,10
室生犀星,或る少女の死まで,42238,0.992,10
室生犀星,童子,31924,0.996,3
室生犀星,童話,11573,0.994,2
室生犀星,蛾,8777,0.981,4
室生犀星,蜜のあわれ,76822,0.901,103
室生犀星,陶古の女人,11801,0.978,3
室生犀星,香爐を盗む,20002,0.986,5
宮城道雄,レコード夜話,1780,0.921,3
宮城道雄,五十年をかえりみて,1933,1,0
宮城道雄,垣隣り,1025,0.993,2
宮城道雄,声と人柄,1135,1,0
宮城道雄,声と性格,1967,0.996,2
宮城道雄,声と食物,1702,0.949,1
宮城道雄,山の声,3200,1,0
宮城道雄,心の調べ,727,0.915,3
宮城道雄,昔の盲人と外国の盲人,838,1,0
宮城道雄,春雨,1425,1,0
宮城道雄,私のすきな人,1398,0.961,2
宮城道雄,私の若い頃,2905,0.98,1
宮城道雄,純粋の声,1379,0.994,2
宮城道雄,耳の日記,2409,0.955,2
宮城道雄,雨夜の駅,1562,0.995,2
宮城道雄,音の世界に生きる,3556,1,0
宮本百合子,ものわかりよさ,5704,0.998,1
宮本百合子,キュリー夫人,8091,0.958,3
宮本百合子,ケーテコルヴィッツの画業,10561,0.984,2
宮本百合子,フロレンスナイチンゲールの生涯,10280,0.931,11
宮本百合子,マクシムゴーリキイによって描かれた婦人,9783,1,0
宮本百合子,乳房,27654,0.949,23
宮本百合子,伸子,230780,0.961,217
宮本百合子,列のこころ,5124,0.998,1
宮本百合子,幸福の感覚,7201,0.999,1
宮本百合子,播州平野,105717,0.992,21
宮本百合子,明日をつくる力,9362,0.965,5
宮本百合子,杉垣,14909,0.957,12
宮本百合子,異性の友情,4353,0.998,1
宮本百合子,知性の開眼,4215,0.998,1
宮本百合子,若い人たちの意志,4771,0.951,4
宮本百合子,貧しき人々の群,57340,0.937,71
宮本百合子,離婚について,7555,0.94,5
宮本百合子,風に乗って来るコロポックル,18068,0.917,29
宮本百合子,風知草,43762,0.981,17
宮沢賢治,ありときのこ,1437,0.941,1
宮沢賢治,いちょうの実,2633,0.969,4
宮沢賢治,おきなぐさ,3389,1,0
宮沢賢治,かしわばやしの夜,7649,0.975,5
宮沢賢治,さいかち淵,5421,0.964,8
宮沢賢治,さるのこしかけ,3996,0.987,3
宮沢賢治,ざしき童子のはなし,1816,0.944,3
宮沢賢治,とっこべとら子,3847,0.912,3
宮沢賢治,どんぐりと山猫,6273,0.983,2
宮沢賢治,なめとこ山の熊,7267,0.973,4
宮沢賢治,ひのきとひなげし,4234,0.967,6
宮沢賢治,めくらぶどうと虹,2468,1,0
宮沢賢治,やまなし,2596,1,0
宮沢賢治,よだかの星,5162,0.995,1
宮沢賢治,イギリス海岸,10490,0.949,9
宮沢賢治,インドラの網,3676,0.989,1
宮沢賢治,オツベルと象,5656,0.978,3
宮沢賢治,カイロ団長,9341,0.976,10
宮沢賢治,ガドルフの百合,4654,0.9,9
宮沢賢治,クねずみ,5552,0.919,15
宮沢賢治,グスコーブドリの伝記,25180,0.947,31
宮沢賢治,シグナルとシグナレス,11197,0.971,14
宮沢賢治,セロ弾きのゴーシュ,11638,0.963,11
宮沢賢治,タネリはたしかにいちにち噛んでいたようだった,4869,0.932,10
宮沢賢治,チュウリップの幻術,5740,0.993,1
宮沢賢治,バキチの仕事,2241,0.944,3
宮沢賢治,フランドン農学校の豚,11496,0.977,6
宮沢賢治,ペンネンネンネンネンネネムの伝記,26585,0.966,23
宮沢賢治,マグノリアの木,2826,0.983,2
宮沢賢治,マリヴロンと少女,2217,0.962,1
宮沢賢治,二人の役人,4990,0.978,4
宮沢賢治,二十六夜,16755,0.95,28
宮沢賢治,十六日,4199,0.904,18
宮沢賢治,双子の星,10903,0.968,11
宮沢賢治,台川,7711,0.981,11
宮沢賢治,四又の百合,2660,0.948,3
宮沢賢治,土神ときつね,9336,0.972,8
宮沢賢治,学者アラムハラドの見た着物,5724,0.998,1
宮沢賢治,或る農学生の日誌,10254,0.947,16
宮沢賢治,手紙一,1086,1,0
宮沢賢治,手紙四,1722,0.955,3
宮沢賢治,月夜のでんしんばしら,4257,0.988,3
宮沢賢治,楢ノ木大学士の野宿,17404,0.983,15
宮沢賢治,毒もみのすきな署長さん,3031,1,0
宮沢賢治,気のいい火山弾,4018,0.975,11
宮沢賢治,水仙月の四日,5648,0.964,5
宮沢賢治,泉ある家,3014,0.946,5
宮沢賢治,注文の多い料理店,5403,0.967,5
宮沢賢治,狼森と笊森盗森,5508,0.938,6
宮沢賢治,祭の晩,3823,0.984,3
宮沢賢治,紫紺染について,4665,0.968,3
宮沢賢治,耕耘部の時計,3385,0.994,1
宮沢賢治,若い木霊,3602,0.965,6
宮沢賢治,茨海小学校,12594,0.995,3
宮沢賢治,虔十公園林,4855,0.958,8
宮沢賢治,蛙のゴム靴,7282,0.946,9
宮沢賢治,蜘蛛となめくじと狸,7762,0.991,4
宮沢賢治,谷,4430,0.993,1
宮沢賢治,貝の火,14323,0.973,9
宮沢賢治,銀河鉄道の夜,38299,0.959,49
宮沢賢治,雁の童子,7996,0.993,2
宮沢賢治,雪渡り,6397,0.968,7
宮沢賢治,風野又三郎,31489,0.96,27
宮沢賢治,鳥をとるやなぎ,4309,0.993,2
宮沢賢治,鹿踊りのはじまり,5885,0.965,6
宮沢賢治,黄いろのトマト,7853,0.97,12
富田常雄,刺青,9773,0.974,5
富田常雄,面,7872,0.983,2
寺田寅彦,あひると猿,5105,0.923,6
寺田寅彦,からすうりの花と蛾,8741,0.959,7
寺田寅彦,さるかに合戦と桃太郎,2872,1,0
寺田寅彦,どんぐり,4581,0.926,6
寺田寅彦,まじょりか皿,4083,0.948,5
寺田寅彦,やもり物語,4327,0.954,4
寺田寅彦,コーヒー哲学序説,5108,1,0
寺田寅彦,ジャーナリズム雑感,10645,0.971,5
寺田寅彦,ニュース映画と新聞記事,3060,1,0
寺田寅彦,マーカスショーとレビュー式教育,8829,0.937,7
寺田寅彦,一つの思考実験,12307,0.959,6
寺田寅彦,三斜晶系,8396,0.926,11
寺田寅彦,二十四年前,3144,1,0
寺田寅彦,亮の追憶,10668,0.995,1
寺田寅彦,人魂の一つの場合,2916,1,0
寺田寅彦,伊吹山の句について,2313,0.947,4
寺田寅彦,俳句の精神,10959,0.913,15
寺田寅彦,備忘録,18306,0.967,9
寺田寅彦,凍雨と雨氷,1889,1,0
寺田寅彦,凩,1250,1,0
寺田寅彦,函館の大火について,9993,0.967,3
寺田寅彦,初冬の日記から,9897,0.94,5
寺田寅彦,化け物の進化,9991,0.966,4
寺田寅彦,北氷洋の氷の割れる音,3117,0.955,1
寺田寅彦,地図をながめて,6011,0.911,7
寺田寅彦,変った話,8416,0.938,10
寺田寅彦,夏,5993,0.969,4
寺田寅彦,夏目先生の俳句と漢詩,1088,1,0
寺田寅彦,夏目漱石先生の追憶,9117,0.941,9
寺田寅彦,夕凪と夕風,2198,0.95,2
寺田寅彦,夢判断,1584,1,0
寺田寅彦,天災と国防,7381,0.967,3
寺田寅彦,子猫,9215,0.963,5
寺田寅彦,子規自筆の根岸地図,2251,0.945,4
寺田寅彦,小さな出来事,14429,0.901,24
寺田寅彦,山中常盤双紙,1638,1,0
寺田寅彦,年賀状,3235,0.916,6
寺田寅彦,庭の追憶,3417,1,0
寺田寅彦,思い出草,1977,1,0
寺田寅彦,怪異考,6299,0.93,3
寺田寅彦,手首の問題,5878,0.959,4
寺田寅彦,新年雑俎,3018,0.954,1
寺田寅彦,日常身辺の物理的諸問題,5628,0.963,4
寺田寅彦,映画マルガに現われた動物の闘争,1740,0.976,1
寺田寅彦,映画時代,13361,0.982,5
寺田寅彦,時事雑感,9519,0.997,1
寺田寅彦,枯菊の影,6539,0.931,6
寺田寅彦,柿の種,68245,0.953,90
寺田寅彦,根岸庵を訪う記,4932,0.936,6
寺田寅彦,森の絵,1912,0.929,3
寺田寅彦,歳時記新註,4710,0.919,6
寺田寅彦,池,3805,0.988,1
寺田寅彦,沓掛より,8712,0.978,2
寺田寅彦,津浪と人間,4349,0.977,2
寺田寅彦,流言蜚語,2323,0.949,2
寺田寅彦,浅草紙,3629,0.97,3
寺田寅彦,浮世絵の曲線,3641,1,0
寺田寅彦,海水浴,4706,0.971,2
寺田寅彦,涼味数題,4600,0.981,1
寺田寅彦,火事教育,4396,0.965,3
寺田寅彦,災難雑考,10114,0.914,10
寺田寅彦,物理学圏外の物理的現象,6729,0.908,9
寺田寅彦,物質群として見た動物群,2606,1,0
寺田寅彦,猫の穴掘り,3870,0.929,4
寺田寅彦,球根,7116,0.919,12
寺田寅彦,病室の花,6409,0.96,6
寺田寅彦,相対性原理側面観,7265,0.962,4
寺田寅彦,神話と地球物理学,2659,0.935,3
寺田寅彦,祭,1561,0.957,2
寺田寅彦,秋の歌,884,1,0
寺田寅彦,科学と文学,25414,0.966,10
寺田寅彦,科学者とあたま,3813,1,0
寺田寅彦,空想日録,10430,0.96,5
寺田寅彦,窮理日記,463,0.948,1
寺田寅彦,竜舌蘭,4486,0.949,4
寺田寅彦,簔虫と蜘蛛,4024,0.984,2
寺田寅彦,自然界の縞模様,11515,0.942,7
寺田寅彦,自画像,17511,0.922,21
寺田寅彦,芝刈り,9668,0.981,4
寺田寅彦,花物語,10706,0.947,15
寺田寅彦,蒸発皿,8849,0.98,2
寺田寅彦,蓄音機,12154,0.971,5
寺田寅彦,藤の実,2789,0.972,1
寺田寅彦,藤棚の陰から,8095,0.957,5
寺田寅彦,蛙の鳴声,296,1,0
寺田寅彦,解かれた象,3431,1,0
寺田寅彦,記録狂時代,4434,0.988,1
寺田寅彦,試験管,9504,0.984,4
寺田寅彦,読書の今昔,11968,0.948,13
寺田寅彦,路傍の草,8259,0.973,4
寺田寅彦,鉛をかじる虫,2493,0.935,3
寺田寅彦,銀座アルプス,12719,0.953,10
寺田寅彦,錯覚数題,9084,0.969,5
寺田寅彦,鎖骨,2931,1,0
寺田寅彦,随筆難,4365,0.987,1
寺田寅彦,震災日記より,6453,0.943,5
寺田寅彦,高浜さんと私,1856,0.984,1
寺田寅彦,鷹を貰い損なった話,1277,1,0
小山清,落穂拾い,8558,0.963,9
小川未明,あほう鳥の鳴く日,7686,0.984,3
小川未明,あらしの前の木と鳥の会話,4305,1,0
小川未明,ある夜の星たちの話,4238,0.973,2
小川未明,ある日の先生と子供,3607,1,0
小川未明,ある男と無花果,556,1,0
小川未明,ある男と牛の話,2263,0.95,3
小川未明,いいおじいさんの話,3765,0.996,1
小川未明,おおかみをだましたおじいさん,2147,1,0
小川未明,お母さんのひきがえる,1289,0.99,1
小川未明,かたい大きな手,3866,1,0
小川未明,こまどりと酒,5418,0.978,2
小川未明,たましいは生きている,4255,0.996,1
小川未明,ちょうと三つの石,4370,0.989,1
小川未明,てかてか頭の話,2177,1,0
小川未明,とうげの茶屋,6006,0.976,3
小川未明,どこかに生きながら,4453,0.977,1
小川未明,なくなった人形,3101,1,0
小川未明,なつかしまれた人,5213,0.986,3
小川未明,はてしなき世界,4642,1,0
小川未明,びんの中の世界,4099,1,0
小川未明,ものぐさじじいの来世,1746,0.971,1
小川未明,三つのかぎ,4977,0.994,1
小川未明,不思議な鳥,7752,0.974,6
小川未明,世の中のために,4170,0.993,1
小川未明,僧,10139,1,0
小川未明,兄弟のやまばと,3966,0.992,1
小川未明,凍える女,9904,1,0
小川未明,北の冬,5153,0.989,2
小川未明,千代紙の春,4960,0.994,2
小川未明,夜の喜び,1753,1,0
小川未明,大きなかに,5869,0.991,1
小川未明,天下一品,6882,0.969,3
小川未明,小さな草と太陽,2399,1,0
小川未明,島の暮れ方の話,2091,1,0
小川未明,嵐の夜,2966,1,0
小川未明,幾年もたった後,3502,0.977,3
小川未明,悪魔,7524,1,0
小川未明,扉,8031,0.994,2
小川未明,托児所のある村,2994,1,0
小川未明,抜髪,1829,1,0
小川未明,捕われ人,4294,0.987,1
小川未明,日没の幻影,6425,0.986,2
小川未明,時計のない村,3699,1,0
小川未明,暗い空,5085,1,0
小川未明,月とあざらし,3790,0.996,1
小川未明,月夜とめがね,3745,0.986,2
小川未明,村の兄弟,2774,0.91,9
小川未明,森の妖姫,2454,1,0
小川未明,森の暗き夜,8654,0.996,1
小川未明,櫛,1332,1,0
小川未明,殿さまの茶わん,3779,1,0
小川未明,気まぐれの人形師,4940,0.965,2
小川未明,港に着いた黒んぼ,6865,0.983,3
小川未明,点,8012,0.929,13
小川未明,牛女,4876,0.987,2
小川未明,白い門のある家,3761,1,0
小川未明,百合の花,4148,0.979,3
小川未明,百姓の夢,7273,0.948,8
小川未明,眠い町,3499,1,0
小川未明,砂漠の町とサフラン酒,3754,0.993,1
小川未明,稚子ヶ淵,4072,1,0
小川未明,老婆,5413,1,0
小川未明,薔薇と巫女,7112,0.988,2
小川未明,蝋人形,4860,0.996,1
小川未明,負傷した線路と月,4054,1,0
小川未明,貸間を探がしたとき,2747,1,0
小川未明,赤い蝋燭と人魚,6514,1,0
小川未明,越後の冬,7225,1,0
小川未明,迷い路,4149,1,0
小川未明,過ぎた春の記憶,5482,1,0
小川未明,遠くで鳴る雷,2541,1,0
小川未明,酒屋のワン公,2996,0.989,1
小川未明,酔っぱらい星,4100,0.95,3
小川未明,野ばら,2305,1,0
小川未明,金の輪,1670,1,0
小川未明,金魚売り,3186,0.96,3
小川未明,電信柱と妙な男,2063,1,0
小川未明,青いボタン,4586,0.981,2
小川未明,飴チョコの天使,4571,0.967,3
小川未明,駄馬と百姓,2209,0.978,1
小川未明,黄色い晩,6150,1,0
小川未明,黒い人と赤いそり,4104,0.945,4
小川未明,黒い旗物語,4560,0.989,2
小林多喜二,蟹工船,61198,0.911,149
小栗虫太郎,夢殿殺人事件,27403,0.928,33
小酒井不木,塵埃は語る,11279,0.993,2
小酒井不木,墓地の殺人,23964,0.956,17
小酒井不木,小酒井不木集はしがき,237,1,0
小酒井不木,少年科学探偵序,617,1,0
小酒井不木,愚人の毒,15513,0.96,8
小酒井不木,暗夜の格闘,10886,0.99,3
小酒井不木,深夜の電話,19529,0.983,6
小酒井不木,玉振時計の秘密,7740,0.94,5
小酒井不木,現場の写真,7730,0.986,2
小酒井不木,白痴の知恵,11494,0.995,1
小酒井不木,科学的研究と探偵小説,6249,0.976,4
小酒井不木,紅色ダイヤ,11249,0.959,11
小酒井不木,紫外線,10928,0.979,3
小酒井不木,自殺か他殺か,7319,1,0
小酒井不木,頭蓋骨の秘密,10669,0.931,10
小酒井不木,髭の謎,11410,0.966,6
小金井喜美子,鴎外の思い出,126889,0.967,108
尾崎士郎,三等郵便局,19412,0.969,10
尾崎士郎,滝について,780,0.988,2
尾崎士郎,秋風と母,5559,1,0
尾崎士郎,鶺鴒の巣,4224,1,0
山之口貘,おきなわやまとぐち,1534,1,0
山之口貘,つまり詩は亡びる,2137,0.983,1
山之口貘,ダルマ船日記,7830,0.98,6
山之口貘,チャンプルー,2819,0.988,2
山之口貘,夏向きの一夜,1954,0.99,1
山之口貘,暴風への郷愁,1721,0.962,1
山之口貘,梯梧の花,2379,1,0
山之口貘,池袋の店,1593,1,0
山之口貘,沖縄帰郷始末記,1913,1,0
山之口貘,私の青年時代,7593,0.916,11
山之口貘,装幀の悩み,1570,1,0
山之口貘,詩とはなにか,5342,0.974,2
山之口貘,野宿,7854,1,0
山川方夫,あるドライブ,6229,0.989,5
山川方夫,お守り,6527,0.935,10
山川方夫,その一年,38267,0.991,15
山川方夫,ジャンの新盆,6037,0.961,5
山川方夫,トンボの死,1786,1,0
山川方夫,ロンリーマン,2066,1,0
山川方夫,十三年,2173,1,0
山川方夫,夏の葬列,4744,1,0
山川方夫,待っている女,6063,0.976,4
山川方夫,愛のごとく,31354,0.983,8
山川方夫,暑くない夏,1680,1,0
山川方夫,演技の果て,33779,0.979,19
山川方夫,箱の中のあなた,3337,1,0
山川方夫,菊,4552,1,0
山川方夫,非情な男,2592,1,0
山本周五郎,あだこ,22622,1,0
山本周五郎,いさましい話,36460,0.972,22
山本周五郎,おばな沢,22272,1,0
山本周五郎,おもかげ抄,10786,0.945,10
山本周五郎,おれの女房,23130,0.997,2
山本周五郎,お繁,6788,0.97,3
山本周五郎,さぶ,209607,0.994,13
山本周五郎,その木戸を通って,22318,0.991,2
山本周五郎,ちいさこべ,33291,0.977,9
山本周五郎,ちくしょう谷,69432,0.986,17
山本周五郎,ちゃん,22243,0.991,5
山本周五郎,つばくろ,21803,0.96,12
山本周五郎,はたし状,19280,0.952,15
山本周五郎,ひとごろし,22514,0.989,2
山本周五郎,ひとでなし,17961,1,0
山本周五郎,へちまの木,29010,0.989,6
山本周五郎,めおと蝶,23784,0.963,11
山本周五郎,やぶからし,22322,0.996,3
山本周五郎,ゆうれい貸屋,21217,0.956,14
山本周五郎,七日七夜,17623,0.982,8
山本周五郎,五瓣の椿,148832,0.979,44
山本周五郎,其角と山賊と殿様,4868,0.991,1
山本周五郎,初蕾,17423,0.993,3
山本周五郎,半之助祝言,21805,0.938,41
山本周五郎,嘘アつかねえ,12473,0.956,4
山本周五郎,城を守る者,9226,0.984,4
山本周五郎,夕靄の中,9399,1,0
山本周五郎,夜明けの辻,42383,0.988,12
山本周五郎,失蝶記,21949,0.963,15
山本周五郎,契りきぬ,32512,0.997,1
山本周五郎,季節のない街,200298,0.967,82
山本周五郎,屏風はたたまれた,11879,1,0
山本周五郎,山彦乙女,124931,0.961,68
山本周五郎,思い違い物語,44628,0.964,20
山本周五郎,新潮記,154503,0.949,81
山本周五郎,日本婦道記_おもかげ,12340,0.98,4
山本周五郎,日本婦道記_不断草,10710,0.995,1
山本周五郎,日本婦道記_二十三年,11144,0.979,4
山本周五郎,日本婦道記_墨丸,15009,1,0
山本周五郎,日本婦道記_小指,10978,0.954,7
山本周五郎,日本婦道記_尾花川,8638,1,0
山本周五郎,日本婦道記_忍緒,9594,0.966,7
山本周五郎,日本婦道記_春三たび,12785,0.981,3
山本周五郎,日本婦道記_松の花,10693,0.98,3
山本周五郎,日本婦道記_桃の井戸,12599,1,0
山本周五郎,日本婦道記_梅咲きぬ,8237,0.995,1
山本周五郎,日本婦道記_笄堀,11365,0.971,4
山本周五郎,日本婦道記_箭竹,11455,1,0
山本周五郎,日本婦道記_糸車,12126,1,0
山本周五郎,日本婦道記_萱笠,13844,0.973,5
山本周五郎,日本婦道記_藪の蔭,12786,1,0
山本周五郎,日本婦道記_風鈴,13590,1,0
山本周五郎,末っ子,27437,0.982,3
山本周五郎,松林蝙也,11938,0.991,3
山本周五郎,柳橋物語,103946,0.996,4
山本周五郎,桑の木物語,39547,0.994,5
山本周五郎,樅ノ木は残った_01第一部,147167,0.962,105
山本周五郎,樅ノ木は残った_02第二部,110979,0.959,69
山本周五郎,樅ノ木は残った_03第三部,166038,0.956,107
山本周五郎,樅ノ木は残った_04第四部,144012,0.956,92
山本周五郎,橋の下,12084,0.992,1
山本周五郎,泥棒と若殿,20460,0.925,25
山本周五郎,留さんとその女,6727,0.944,5
山本周五郎,竹柏記,45340,0.987,9
山本周五郎,花も刀も,88273,0.965,56
山本周五郎,若き日の摂津守,23256,0.95,31
山本周五郎,菊千代抄,35909,0.994,6
山本周五郎,菊屋敷,36394,0.981,4
山本周五郎,落葉の隣り,28689,0.99,4
山本周五郎,薊,15716,0.978,5
山本周五郎,藪落し,7029,0.924,4
山本周五郎,赤ひげ診療譚_01狂女の話,20249,0.985,7
山本周五郎,赤ひげ診療譚_02駈込み訴え,21741,0.993,4
山本周五郎,赤ひげ診療譚_03むじな長屋,26211,0.959,16
山本周五郎,赤ひげ診療譚_04三度目の正直,21133,0.991,4
山本周五郎,赤ひげ診療譚_05徒労に賭ける,18031,0.938,8
山本周五郎,赤ひげ診療譚_06鶯ばか,22517,0.989,3
山本周五郎,赤ひげ診療譚_07おくめ殺し,23450,0.985,9
山本周五郎,赤ひげ診療譚_08氷の下の芽,20038,0.992,3
山本周五郎,追いついた夢,20265,0.987,3
山本周五郎,長屋天一坊,29301,0.909,33
山本周五郎,陽気な客,22976,0.932,25
山本周五郎,雨あがる,21612,1,0
山本周五郎,雪の上の霜,25422,0.991,7
山本周五郎,青べか物語,159965,0.981,52
山本周五郎,風流太平記,240839,0.983,86
山本周五郎,麦藁帽子,6832,0.9,8
岡本かの子,ある日の蓮月尼,11881,0.962,15
岡本かの子,おせっかい夫人,767,1,0
岡本かの子,かの女の朝,12831,0.949,17
岡本かの子,とと屋禅譚,5773,0.956,4
岡本かの子,みちのく,6068,0.982,2
岡本かの子,オペラの辻,3808,0.921,9
岡本かの子,ガルスワーシーの家,9082,0.966,5
岡本かの子,ドーヴィル物語,21546,0.987,9
岡本かの子,五月の朝の花,699,1,0
岡本かの子,仏教人生読本,124251,0.98,42
岡本かの子,伯林の落葉,2439,1,0
岡本かの子,兄妹,1994,1,0
岡本かの子,勝ずば,6934,1,0
岡本かの子,取返し物語,13790,0.971,13
岡本かの子,呼ばれし乙女,5119,1,0
岡本かの子,唇草,6934,0.982,3
岡本かの子,噴水物語,2593,0.956,2
岡本かの子,売春婦リゼット,3440,0.939,6
岡本かの子,娘,7783,1,0
岡本かの子,宝永噴火,31417,0.979,12
岡本かの子,家霊,9334,0.987,2
岡本かの子,巴里のむす子へ,2199,1,0
岡本かの子,快走,5228,1,0
岡本かの子,愚かな男の話,1351,1,0
岡本かの子,愛,1681,1,0
岡本かの子,愛よ愛,1229,0.98,1
岡本かの子,或る秋の紫式部,5008,1,0
岡本かの子,扉の彼方へ,8105,0.952,5
岡本かの子,晩春,1710,1,0
岡本かの子,東海道五十三次,13749,0.982,4
岡本かの子,母と娘,9829,0.957,6
岡本かの子,気の毒な奥様,766,1,0
岡本かの子,汗,1446,1,0
岡本かの子,決闘場,11224,0.983,9
岡本かの子,渾沌未分,16154,0.953,15
岡本かの子,狐,5998,0.999,1
岡本かの子,百喩経,10270,0.967,20
岡本かの子,真夏の幻覚,955,1,0
岡本かの子,窓,3700,0.984,2
岡本かの子,老妓抄,15488,1,0
岡本かの子,茶屋知らず物語,3316,1,0
岡本かの子,荘子,12285,0.972,6
岡本かの子,蝙蝠,11024,0.999,1
岡本かの子,褐色の求道,7025,0.935,10
岡本かの子,豆腐買い,14238,0.974,8
岡本かの子,越年,9936,1,0
岡本かの子,酋長,1406,1,0
岡本かの子,金魚撩乱,33831,0.963,19
岡本かの子,阿難と呪術師の娘,27890,0.967,23
岡本かの子,雪の日,1466,1,0
岡本かの子,食魔,36593,0.951,31
岡本かの子,高原の太陽,8511,0.94,12
岡本かの子,鮨,13157,0.972,6
岡本かの子,鯉魚,5752,0.97,3
岡本かの子,鶴は病みき,26448,0.92,39
岡本綺堂,くろん坊,16335,0.949,16
岡本綺堂,五色蟹,11517,0.902,21
岡本綺堂,修禅寺物語,12723,0.931,18
岡本綺堂,停車場の少女,6196,0.99,2
岡本綺堂,兜,11475,0.974,4
岡本綺堂,半七捕物帳_01お文の魂,16078,0.953,16
岡本綺堂,半七捕物帳_02石灯籠,15947,0.948,18
岡本綺堂,半七捕物帳_03勘平の死,15897,0.968,9
岡本綺堂,半七捕物帳_04湯屋の二階,15364,0.968,9
岡本綺堂,半七捕物帳_05お化け師匠,16266,0.966,11
岡本綺堂,半七捕物帳_06半鐘の怪,15737,0.953,11
岡本綺堂,半七捕物帳_07奥女中,16171,0.934,16
岡本綺堂,半七捕物帳_08帯取りの池,15380,0.945,11
岡本綺堂,半七捕物帳_09春の雪解,15156,0.946,11
岡本綺堂,半七捕物帳_10広重と河獺,18133,0.958,14
岡本綺堂,半七捕物帳_11朝顔屋敷,15180,0.942,17
岡本綺堂,半七捕物帳_12猫騒動,15817,0.931,18
岡本綺堂,半七捕物帳_13弁天娘,18798,0.961,12
岡本綺堂,半七捕物帳_14山祝いの夜,10519,0.956,8
岡本綺堂,半七捕物帳_15鷹のゆくえ,19097,0.985,6
岡本綺堂,半七捕物帳_16津の国屋,33255,0.993,7
岡本綺堂,半七捕物帳_17三河万歳,16112,0.98,4
岡本綺堂,半七捕物帳_18槍突き,15385,0.968,6
岡本綺堂,半七捕物帳_19お照の父,15477,0.975,10
岡本綺堂,半七捕物帳_20向島の寮,12174,0.988,2
岡本綺堂,半七捕物帳_21蝶合戦,15136,0.97,9
岡本綺堂,半七捕物帳_22筆屋の娘,15071,0.983,7
岡本綺堂,半七捕物帳_23鬼娘,15072,0.962,10
岡本綺堂,半七捕物帳_24小女郎狐,16635,0.972,7
岡本綺堂,半七捕物帳_25狐と僧,8702,0.978,4
岡本綺堂,半七捕物帳_26女行者,16137,0.968,11
岡本綺堂,半七捕物帳_27化け銀杏,16573,0.996,3
岡本綺堂,半七捕物帳_28雪達磨,10637,1,0
岡本綺堂,半七捕物帳_29熊の死骸,15549,0.984,4
岡本綺堂,半七捕物帳_30あま酒売,16734,0.982,4
岡本綺堂,半七捕物帳_31張子の虎,15608,0.986,6
岡本綺堂,半七捕物帳_32海坊主,17409,0.983,6
岡本綺堂,半七捕物帳_33旅絵師,17085,0.99,2
岡本綺堂,半七捕物帳_34雷獣と蛇,13878,0.991,2
岡本綺堂,半七捕物帳_35半七先生,16316,0.994,3
岡本綺堂,半七捕物帳_36冬の金魚,17662,0.987,6
岡本綺堂,半七捕物帳_37松茸,17429,0.981,8
岡本綺堂,半七捕物帳_38人形使い,15387,0.967,10
岡本綺堂,半七捕物帳_39少年少女の死,10963,0.972,6
岡本綺堂,半七捕物帳_40異人の首,15850,0.982,5
岡本綺堂,半七捕物帳_41一つ目小僧,7752,0.972,3
岡本綺堂,半七捕物帳_42仮面,7536,1,0
岡本綺堂,半七捕物帳_43柳原堤の女,29755,0.982,10
岡本綺堂,半七捕物帳_44むらさき鯉,16714,0.994,3
岡本綺堂,半七捕物帳_45三つの声,12623,0.989,3
岡本綺堂,半七捕物帳_46十五夜御用心,20581,0.98,12
岡本綺堂,半七捕物帳_47金の蝋燭,21083,0.974,9
岡本綺堂,半七捕物帳_48ズウフラ怪談,16895,0.976,9
岡本綺堂,半七捕物帳_49大阪屋花鳥,26006,0.971,19
岡本綺堂,半七捕物帳_50正雪の絵馬,25979,0.984,8
岡本綺堂,半七捕物帳_51大森の鶏,18279,0.981,7
岡本綺堂,半七捕物帳_52妖狐伝,20857,0.981,10
岡本綺堂,半七捕物帳_53新カチカチ山,23014,0.984,8
岡本綺堂,半七捕物帳_54唐人飴,23270,0.986,7
岡本綺堂,半七捕物帳_55かむろ蛇,23367,0.993,6
岡本綺堂,半七捕物帳_56河豚太鼓,22082,0.979,10
岡本綺堂,半七捕物帳_57幽霊の観世物,18523,0.981,8
岡本綺堂,半七捕物帳_58菊人形の昔,18385,0.979,7
岡本綺堂,半七捕物帳_59蟹のお角,20868,0.978,11
岡本綺堂,半七捕物帳_60青山の仇討,21735,0.97,14
岡本綺堂,半七捕物帳_61吉良の脇指,22502,0.987,7
岡本綺堂,半七捕物帳_62歩兵の髪切り,20971,0.978,10
岡本綺堂,半七捕物帳_63川越次郎兵衛,22450,0.917,33
岡本綺堂,女侠伝,11819,0.933,12
岡本綺堂,妖婆,9744,0.979,7
岡本綺堂,子供役者の死,8303,0.956,7
岡本綺堂,平造とお鶴,4876,0.965,3
岡本綺堂,廿九日の牡丹餅,12065,0.929,16
岡本綺堂,影を踏まれた女,11535,0.979,6
岡本綺堂,恨みの蠑螺,13744,0.946,22
岡本綺堂,慈悲心鳥,12854,0.954,9
岡本綺堂,放し鰻,5091,0.923,8
岡本綺堂,有喜世新聞の話,16118,0.919,16
岡本綺堂,江戸の化物,5134,0.904,8
岡本綺堂,火薬庫,10459,0.952,10
岡本綺堂,父の怪談,6168,0.953,8
岡本綺堂,画工と幽霊,7136,0.966,3
岡本綺堂,白髪鬼,18800,0.959,14
岡本綺堂,穴,11255,0.917,21
岡本綺堂,蜘蛛の夢,22188,0.917,33
岡本綺堂,青蛙堂鬼談,120855,0.976,59
岡本綺堂,飛騨の怪談,98680,0.976,77
岡本綺堂,鰻に呪われた男,15711,0.975,6
岡本綺堂,黄八丈の小袖,9223,0.977,5
岩野泡鳴,猫八,19489,0.969,10
岩野泡鳴,耽溺,55217,0.932,60
島崎藤村,ある女の生涯,31711,0.971,20
島崎藤村,伸び支度,6104,0.976,3
島崎藤村,分配,17378,0.95,13
島崎藤村,夜明け前_01第一部上,204844,0.946,227
島崎藤村,夜明け前_02第一部下,190182,0.927,244
島崎藤村,夜明け前_04第二部下,218654,0.905,455
島崎藤村,家_01上,125868,0.967,92
島崎藤村,家_02下,140341,0.981,73
島崎藤村,嵐,36296,0.951,36
島崎藤村,幸福,1110,1,0
島崎藤村,新生,333200,0.978,150
島崎藤村,藁草履,21264,0.922,35
島崎藤村,食堂,15856,0.982,5
島木健作,癩,37620,0.923,33
島木健作,黒猫,6684,0.963,7
島秋人,遺愛集_03あとがき,2731,0.978,4
幸田露伴,太郎坊,7855,0.989,3
幸田露伴,幻談,17187,0.919,16
幸田露伴,突貫紀行,7789,0.976,4
幸田露伴,蒲生氏郷,65762,0.92,53
幸田露伴,貧乏,8066,0.946,10
幸田露伴,野道,4579,0.982,2
幸田露伴,雁坂越,14116,0.926,9
幸田露伴,雪たたき,28091,0.939,25
幸田露伴,鵞鳥,11215,0.963,9
徳田秋声,仮装人物,193212,0.931,178
徳田秋声,爛,73701,0.961,62
徳田秋声,蒼白い月,9390,0.96,7
徳田秋声,足迹,118933,0.929,218
折口信夫,死者の書,62436,0.943,87
斎藤茂吉,三筋町界隈,14604,0.948,13
斎藤茂吉,玉菜ぐるま,1217,0.9,5
新渡戸稲造,教育の目的,20568,0.9,34
新渡戸稲造,武士道の山,1587,0.959,4
新美南吉,いぼ,10456,0.942,28
新美南吉,おじいさんのランプ,11847,1,0
新美南吉,こぞうさんのおきょう,656,1,0
新美南吉,ごんごろ鐘,8673,0.977,4
新美南吉,ごん狐,4798,0.995,2
新美南吉,ひとつの火,815,1,0
新美南吉,一年生たちとひよめ,839,0.93,3
新美南吉,二ひきの蛙,942,1,0
新美南吉,嘘,13960,0.959,13
新美南吉,子どものすきな神さま,1104,0.961,8
新美南吉,川,8541,0.939,14
新美南吉,巨男の話,3804,0.979,3
新美南吉,手袋を買いに,3496,1,0
新美南吉,最後の胡弓弾き,15695,1,0
新美南吉,木の祭り,1362,1,0
新美南吉,牛をつないだ椿の木,8997,0.985,3
新美南吉,狐,6230,1,0
新美南吉,狐のつかい,821,1,0
新美南吉,王さまと靴屋,1044,1,0
新美南吉,童話における物語性の喪失,2592,0.955,3
新美南吉,花のき村と盗人たち,9697,0.915,24
新美南吉,花をうめる,3530,1,0
新美南吉,落とした一銭銅貨,818,1,0
新美南吉,蟹のしょうばい,969,1,0
新美南吉,赤い蝋燭,1079,1,0
新美南吉,里の春山の春,728,0.916,2
新美南吉,飴だま,970,1,0
有島武郎,かたわ者,4741,0.969,2
有島武郎,小さき者へ,10124,0.993,3
有島武郎,或る女_1前編,149263,0.915,205
有島武郎,或る女_2後編,204760,0.945,203
有島武郎,火事とポチ,9580,0.97,7
有島武郎,生まれいずる悩み,50311,0.947,45
有島武郎,碁石を呑んだ八っちゃん,6134,0.947,8
有島武郎,親子,20447,0.955,19
木村荘十,雲南守備兵,37428,0.928,51
本庄陸男,石狩川,251858,0.918,419
林不忘,丹下左膳_01乾雲坤竜の巻,335736,0.941,269
林芙美子,平凡な女,1978,0.917,4
林芙美子,恋愛の微醺,4164,0.974,2
林芙美子,文学的自叙伝,8700,0.974,3
林芙美子,晩菊,15993,0.965,6
林芙美子,朝御飯,2930,1,0
林芙美子,河沙魚,11613,0.979,5
林芙美子,泣虫小僧,34371,0.973,25
林芙美子,清貧の書,17887,0.974,14
林芙美子,生活,8337,0.995,2
林芙美子,田舎がえり,6400,0.965,5
林芙美子,私の先生,2880,1,0
林芙美子,貸家探し,4948,0.961,6
林芙美子,風琴と魚の町,13233,0.959,14
柳宗悦,京都の朝市,5580,1,0
梅崎春生,ボロ家の春秋,37375,0.944,46
梅崎春生,幻化,70282,0.958,15
梅崎春生,庭の眺め,7141,1,0
梅崎春生,日の果て,39890,0.992,7
梅崎春生,桜島,36417,0.994,8
梅崎春生,記憶,10157,0.917,3
梅崎春生,風宴,21968,0.996,2
梶井基次郎,ある崖上の感情,11254,0.948,13
梶井基次郎,ある心の風景,6780,0.974,7
梶井基次郎,のんきな患者,17420,0.935,10
梶井基次郎,交尾,5745,0.939,9
梶井基次郎,冬の日,11032,0.982,5
梶井基次郎,冬の蠅,10016,0.971,9
梶井基次郎,器楽的幻覚,2472,0.986,1
梶井基次郎,城のある町にて,17695,0.95,23
梶井基次郎,愛撫,2836,1,0
梶井基次郎,桜の樹の下には,1730,0.972,1
梶井基次郎,橡の花,10630,0.988,5
梶井基次郎,檸檬,4933,0.992,1
梶井基次郎,泥濘,6877,0.996,1
梶井基次郎,筧の話,1839,0.991,1
梶井基次郎,蒼穹,2342,0.982,1
梶井基次郎,路上,3823,0.972,2
梶井基次郎,過古,1577,0.975,1
梶井基次郎,闇の絵巻,3793,0.968,4
梶井基次郎,雪後,5760,0.966,9
森鴎外,二人の友,11537,0.948,21
森鴎外,佐橋甚五郎,6306,0.901,14
森鴎外,堺事件,17010,0.961,19
森鴎外,寒山拾得,6135,0.97,5
森鴎外,寒山拾得縁起,1115,0.995,1
森鴎外,山椒大夫,21958,0.978,22
森鴎外,心中,8457,0.951,12
森鴎外,普請中,4403,0.924,9
森鴎外,最後の一句,9183,0.974,10
森鴎外,杯,2404,1,0
森鴎外,百物語,12517,1,0
森鴎外,舞姫,16141,0.936,14
森鴎外,護持院原の敵討,21617,0.964,15
森鴎外,阿部一族,27525,0.97,15
森鴎外,雁,73640,0.965,45
森鴎外,青年,123137,0.909,213
森鴎外,高瀬舟,8731,0.957,7
森鴎外,高瀬舟縁起,1331,0.921,3
森鴎外,魚玄機,9709,0.923,66
横光利一,ナポレオンと田虫,8812,0.965,7
横光利一,厨房日記,21436,0.993,4
横光利一,微笑,24817,0.944,43
横光利一,旅愁,573645,0.961,462
横光利一,春は馬車に乗って,9570,0.98,5
横光利一,機械,21547,0.977,6
横光利一,比叡,9201,0.993,2
横光利一,睡蓮,8972,0.974,4
横光利一,罌粟の中,14758,1,0
正岡容,円太郎馬車,16091,0.974,16
正岡容,円朝花火,10041,0.952,10
正岡容,初看板,15421,0.909,14
正岡容,寄席,103000,0.95,129
水上滝太郎,九月一日,14211,1,0
水上滝太郎,山の手の子,15469,0.915,21
水上滝太郎,果樹,13165,0.988,3
水上滝太郎,遺産,12928,0.981,4
永井荷風,すみだ川,34564,0.978,17
永井荷風,つゆのあとさき,74606,0.979,26
永井荷風,ひかげの花,47648,0.94,49
永井荷風,伝通院,5513,0.917,3
永井荷風,元八まん,3988,1,0
永井荷風,十九の秋,3756,0.9,11
永井荷風,妾宅,16706,0.926,14
永井荷風,寺じまの記,6536,0.98,2
永井荷風,放水路,5527,1,0
永井荷風,梅雨晴,4560,1,0
永井荷風,正宗谷崎両氏の批評に答う,5896,0.981,3
永井荷風,水のながれ,1957,1,0
永井荷風,深川の唄,9646,0.972,5
永井荷風,深川の散歩,7161,0.968,2
永井荷風,花火,5881,0.963,5
永井荷風,葛飾土産,9153,0.982,2
永井荷風,西瓜,9265,0.99,4
永井荷風,里の今昔,7425,1,0
永井荷風,銀座,6342,0.904,7
永井荷風,鐘の声,1966,1,0
永井荷風,雪の日,5885,0.996,1
永井荷風,霊廟,6485,0.934,7
永井隆,この子を残して,101225,0.97,77
永井隆,長崎の鐘,64900,0.975,36
江戸川乱歩,お勢登場,11724,0.994,1
江戸川乱歩,サーカスの怪人,74952,0.93,130
江戸川乱歩,パノラマ島綺譚,78640,0.977,20
江戸川乱歩,一人二役,6711,1,0
江戸川乱歩,一枚の切符,13464,0.993,2
江戸川乱歩,二癈人,11353,0.976,3
江戸川乱歩,二銭銅貨,17037,0.982,7
江戸川乱歩,人でなしの恋,17208,0.986,6
江戸川乱歩,人間椅子,14843,1,0
江戸川乱歩,人間豹,154719,0.995,12
江戸川乱歩,仮面の恐怖王,74359,0.944,107
江戸川乱歩,何者,38209,0.991,10
江戸川乱歩,吸血鬼,188242,0.984,66
江戸川乱歩,地獄風景,53218,0.995,6
江戸川乱歩,塔上の奇術師,74171,0.942,109
江戸川乱歩,夢遊病者の死,11056,0.99,3
江戸川乱歩,大金塊,93075,0.942,113
江戸川乱歩,奇面城の秘密,74407,0.95,95
江戸川乱歩,妖人ゴング,75457,0.914,150
江戸川乱歩,妖怪博士,130257,0.908,239
江戸川乱歩,妻に失恋した男,5650,0.989,1
江戸川乱歩,孤島の鬼,180803,0.974,74
江戸川乱歩,宇宙怪人,89721,0.914,179
江戸川乱歩,幽霊,11906,0.984,3
江戸川乱歩,影男,153133,0.976,26
江戸川乱歩,怪奇四十面相,91384,0.944,120
江戸川乱歩,恐ろしき錯誤,22902,0.986,1
江戸川乱歩,恐怖王,65303,0.988,16
江戸川乱歩,悪霊,33812,0.987,8
江戸川乱歩,悪霊物語,8152,0.916,1
江戸川乱歩,悪霊物語自作解説,780,0.976,1
江戸川乱歩,悪魔の紋章,150082,0.987,42
江戸川乱歩,指,1226,0.954,1
江戸川乱歩,指環,2454,0.915,5
江戸川乱歩,接吻,6236,1,0
江戸川乱歩,断崖,13092,0.992,5
江戸川乱歩,日記帳,6822,0.985,2
江戸川乱歩,月と手袋,39319,0.992,8
江戸川乱歩,江川蘭子,11057,0.987,3
江戸川乱歩,海底の魔術師,76723,0.927,130
江戸川乱歩,湖畔亭事件,69001,0.986,21
江戸川乱歩,火星の運河,4684,0.958,5
江戸川乱歩,火縄銃,9056,0.984,3
江戸川乱歩,灰神楽,13202,0.988,4
江戸川乱歩,灰色の巨人,77809,0.937,127
江戸川乱歩,疑惑,18300,0.998,1
江戸川乱歩,白昼夢,3662,1,0
江戸川乱歩,盗難,12269,0.985,3
江戸川乱歩,目羅博士の不思議な犯罪,15372,0.987,4
江戸川乱歩,算盤が恋を語る話,8038,1,0
江戸川乱歩,虎の牙,94785,0.931,149
江戸川乱歩,覆面の舞踏者,14766,0.977,5
江戸川乱歩,赤いカブトムシ,22959,0.976,14
江戸川乱歩,赤い部屋,18033,0.971,5
江戸川乱歩,踊る一寸法師,7668,0.959,5
江戸川乱歩,鉄人Q,75747,0.952,101
江戸川乱歩,鉄塔の怪人,82684,0.943,120
江戸川乱歩,鏡地獄,14019,0.958,4
江戸川乱歩,電人M,77395,0.953,113
江戸川乱歩,青銅の魔人,81299,0.941,113
江戸川乱歩,鬼,29885,0.953,32
江戸川乱歩,魔法人形,71727,0.916,131
江戸川乱歩,魔法博士,76923,0.96,70
江戸川乱歩,黄金仮面,141864,0.983,60
江戸川乱歩,黄金豹,76450,0.98,37
江戸川乱歩,黒蜥蜴,106775,0.963,78
泉鏡花,おばけずきのいわれ少々と処女作,4663,0.913,7
泉鏡花,化鳥,17666,0.902,18
泉鏡花,卵塔場の天女,46900,0.928,85
泉鏡花,外科室,7262,0.946,8
泉鏡花,夜叉ヶ池,27716,0.925,50
泉鏡花,天守物語,20644,0.933,37
泉鏡花,夫人利生記,12582,0.973,11
泉鏡花,婦系図,170310,0.917,324
泉鏡花,栃の実,3809,0.944,8
泉鏡花,歌行灯,35669,0.926,54
泉鏡花,照葉狂言,49446,0.939,103
泉鏡花,眉かくしの霊,26121,0.96,15
泉鏡花,縷紅新草,24205,0.92,58
泉鏡花,草迷宮,70599,0.914,95
泉鏡花,薄紅梅,60377,0.924,80
泉鏡花,雛がたり,4036,0.984,2
泉鏡花,雪柳,44792,0.944,53
泉鏡花,高野聖,35747,0.957,27
泉鏡花,鷭狩,10644,0.988,7
泉鏡花,黒壁,4113,0.945,3
海野十三,地球要塞,70881,0.911,175
海野十三,太平洋魔城,91812,0.902,257
海野十三,幸運の黒子,2864,0.943,3
海野十三,鬼仏洞事件,14314,0.97,11
渡辺温,兵隊の死,698,1,0
渡辺温,可哀相な姉,7618,0.923,22
火野葦平,糞尿譚,51959,0.946,29
火野葦平,花と龍,405930,0.941,584
牧野富太郎,アケビ,3035,0.972,2
牧野富太郎,若き日の思い出,2218,0.945,4
田中貢太郎,おいてけ堀,1748,0.979,2
田中貢太郎,円朝の牡丹灯籠,7697,0.971,7
田中貢太郎,南北の東海道四谷怪談,16277,0.982,9
田中貢太郎,女仙,1248,1,0
田中貢太郎,山の怪,2542,0.952,2
田中貢太郎,岐阜提灯,5432,0.905,10
田中貢太郎,幽霊の衣裳,1053,0.926,3
田中貢太郎,怪譚小説の話,1805,0.977,1
田中貢太郎,死人の手,3507,1,0
田中貢太郎,沼田の蚊帳,459,1,0
田中貢太郎,法華僧の怪異,3308,0.969,3
田中貢太郎,海神に祈る,12347,0.94,14
田中貢太郎,火傷した神様,3407,0.975,2
田中貢太郎,炭取り,254,1,0
田中貢太郎,狢,818,1,0
田中貢太郎,狸と俳人,1724,1,0
田中貢太郎,狸と同棲する人妻,744,1,0
田中貢太郎,男の顔,232,1,0
田中貢太郎,義猫の塚,981,1,0
田中貢太郎,葬式の行列,310,1,0
田中貢太郎,轆轤首,4997,0.994,1
田中貢太郎,阿芳の怨霊,2297,1,0
田中貢太郎,雀が森の怪異,6571,0.921,13
田中貢太郎,雪女,2179,1,0
田中貢太郎,風呂供養の話,2178,1,0
田中貢太郎,首のない騎馬武者,729,1,0
田中貢太郎,鬼火を追う武士,457,0.952,2
田山花袋,蒲団,44672,0.974,11
矢田津世子,凍雲,13949,0.993,4
矢田津世子,女心拾遺,17584,0.991,3
矢田津世子,父,19034,0.986,5
矢田津世子,痀女抄録,32322,0.981,13
矢田津世子,神楽坂,19478,0.991,4
矢田津世子,茶粥の記,14449,0.967,11
矢田津世子,鴻ノ巣女房,11824,0.985,4
神西清,翻訳のむずかしさ,2678,0.951,4
神西清,翻訳の生理心理,2587,0.964,3
神西清,雪の宿り,26003,0.944,24
種田山頭火,片隅の幸福,829,0.97,2
種田山頭火,白い花,1051,1,0
種田山頭火,草と虫とそして,1465,0.914,5
種田山頭火,草木塔,1104,0.991,1
種田山頭火,述懐,466,1,0
竹久夢二,おさなき灯台守,1632,0.965,2
竹久夢二,たどんの与太さん,2033,1,0
竹久夢二,はしがき,319,1,0
竹久夢二,クリスマスの贈物,2547,1,0
竹久夢二,人形物語,550,1,0
竹久夢二,先生の顔,2844,1,0
竹久夢二,博多人形,1645,1,0
竹久夢二,夜,853,1,0
竹久夢二,大きな手,1695,1,0
竹久夢二,大きな蝙蝠傘,1275,1,0
竹久夢二,少年春,6886,0.977,4
竹久夢二,春,3182,0.934,8
竹久夢二,最初の悲哀,814,1,0
竹久夢二,朝,1035,1,0
竹久夢二,玩具の汽缶車,1964,1,0
竹久夢二,街の子,2585,0.98,4
竹久夢二,誰が何時何処で何をした,4411,0.975,4
竹久夢二,都の眼,4105,1,0
竹久夢二,風,1033,1,0
竹内浩三,あきらめろと云うが,105,1,0
竹内浩三,おもちゃの汽車,78,1,0
竹内浩三,こん畜生,183,1,0
竹内浩三,しかられて,101,1,0
竹内浩三,ぼくもいくさに征くのだけれど,205,1,0
竹内浩三,チャイコフスキイのトリオ,88,1,0
竹内浩三,トスカニニのエロイカ,101,1,0
竹内浩三,兵営の桜,65,1,0
竹内浩三,冬に死す,146,1,0
竹内浩三,南からの種子,228,1,0
竹内浩三,口業,199,1,0
竹内浩三,夕焼け,144,1,0
竹内浩三,夜通し風がふいていた,209,1,0
竹内浩三,大正文化概論,289,1,0
竹内浩三,望郷,233,1,0
竹内浩三,東京,118,1,0
竹内浩三,海,198,1,0
竹内浩三,白い雲,218,1,0
竹内浩三,空をかける,82,1,0
竹内浩三,色のない旗,114,1,0
竹内浩三,鈍走記,793,0.923,4
竹内浩三,雨,202,1,0
竹内浩三,雲,110,1,0
竹内浩三,麦,104,1,0
紫式部,源氏物語_01桐壺,15561,0.959,8
紫式部,源氏物語_02帚木,26594,0.992,1
紫式部,源氏物語_03空蝉,6406,1,0
紫式部,源氏物語_04夕顔,28910,0.981,12
紫式部,源氏物語_05若紫,29728,0.981,6
紫式部,源氏物語_06末摘花,19077,0.985,6
紫式部,源氏物語_07紅葉賀,16156,0.996,3
紫式部,源氏物語_08花宴,6208,0.963,3
紫式部,源氏物語_09葵,28169,0.961,18
紫式部,源氏物語_10榊,28876,0.969,11
紫式部,源氏物語_11花散里,2225,1,0
紫式部,源氏物語_12須磨,25031,0.967,16
紫式部,源氏物語_13明石,23442,0.961,13
紫式部,源氏物語_14澪標,18958,0.955,15
紫式部,源氏物語_15蓬生,12875,0.951,8
紫式部,源氏物語_16関屋,2787,1,0
紫式部,源氏物語_17絵合,9878,0.937,7
紫式部,源氏物語_18松風,12353,0.967,5
紫式部,源氏物語_19薄雲,17998,0.966,5
紫式部,源氏物語_20朝顔,12233,0.983,3
紫式部,源氏物語_21乙女,29065,0.97,14
紫式部,源氏物語_22玉鬘,24583,0.96,16
紫式部,源氏物語_23初音,7927,0.988,2
紫式部,源氏物語_24胡蝶,11538,0.953,7
紫式部,源氏物語_25蛍,10387,0.995,2
紫式部,源氏物語_26常夏,12236,0.992,3
紫式部,源氏物語_27篝火,1694,1,0
紫式部,源氏物語_28野分,9964,0.984,2
紫式部,源氏物語_29行幸,14825,0.979,5
紫式部,源氏物語_30藤袴,8340,1,0
紫式部,源氏物語_31真木柱,22190,0.983,6
紫式部,源氏物語_34若菜上,58838,0.975,18
紫式部,源氏物語_35若菜下,57453,0.958,31
紫式部,源氏物語_36柏木,23889,0.956,9
紫式部,源氏物語_37横笛,11062,1,0
紫式部,源氏物語_38鈴虫,7825,1,0
紫式部,源氏物語_39夕霧一,25308,0.973,10
紫式部,源氏物語_40夕霧二,20059,0.958,9
紫式部,源氏物語_41御法,10704,0.984,4
紫式部,源氏物語_42まぼろし,12059,0.964,8
紫式部,源氏物語_43雲隠れ,34,1,0
紫式部,源氏物語_44匂宮,7415,0.934,7
紫式部,源氏物語_45紅梅,7562,0.929,6
紫式部,源氏物語_47橋姫,21950,0.962,8
紫式部,源氏物語_48椎が本,23052,0.973,8
紫式部,源氏物語_49総角,57564,0.959,28
紫式部,源氏物語_50早蕨,10637,1,0
紫式部,源氏物語_51宿り木,55918,0.954,27
紫式部,源氏物語_52東屋,40546,0.942,27
紫式部,源氏物語_53浮舟,45633,0.986,8
紫式部,源氏物語_54蜻蛉,35965,0.934,22
紫式部,源氏物語_55手習,41806,0.952,32
紫式部,源氏物語_56夢の浮橋,9955,1,0
織田作之助,アドバルーン,27327,0.946,17
織田作之助,勝負師,4664,0.952,5
織田作之助,勧善懲悪,29148,0.907,38
織田作之助,天衣無縫,12954,0.913,6
織田作之助,夫婦善哉,30590,0.909,38
織田作之助,競馬,12114,0.925,17
織田作之助,雪の夜,11148,0.908,22
織田作之助,馬地獄,1595,1,0
羽仁もと子,おさなごを発見せよ,4593,0.906,7
羽仁もと子,たましいの教育,2758,0.904,3
羽仁もと子,親子の愛の完成,5908,0.986,2
芥川竜之介,おぎん,5215,1,0
芥川竜之介,おしの,4121,0.983,3
芥川竜之介,お律と子等と,24926,0.973,17
芥川竜之介,お時儀,4055,0.954,6
芥川竜之介,さまよえる猶太人,6834,0.919,8
芥川竜之介,ひょっとこ,5786,0.949,8
芥川竜之介,アグニの神,7926,0.954,10
芥川竜之介,トロッコ,4333,0.985,1
芥川竜之介,三つの宝,7097,0.955,7
芥川竜之介,三つの窓,6766,0.93,17
芥川竜之介,二つの手紙,11727,0.921,19
芥川竜之介,仙人,3198,1,0
芥川竜之介,佐藤春夫氏の事,429,1,0
芥川竜之介,俊寛,16244,0.943,14
芥川竜之介,保吉の手帳から,8691,0.902,21
芥川竜之介,偸盗,48627,0.945,54
芥川竜之介,報恩記,14744,0.98,7
芥川竜之介,奇怪な再会,20703,0.973,12
芥川竜之介,女,1930,0.915,4
芥川竜之介,女仙,940,0.995,1
芥川竜之介,女体,1085,1,0
芥川竜之介,妖婆,37460,0.961,18
芥川竜之介,将軍,14723,0.947,20
芥川竜之介,尾生の信,1601,1,0
芥川竜之介,年末の一日,2959,0.997,1
芥川竜之介,影,10222,0.954,12
芥川竜之介,忠義,13043,0.95,18
芥川竜之介,恒藤恭氏,1778,0.949,4
芥川竜之介,或日の大石内蔵助,8800,0.975,6
芥川竜之介,戯作三昧,20618,0.955,23
芥川竜之介,文学好きの家庭から,592,1,0
芥川竜之介,文章,6734,0.982,4
芥川竜之介,本所両国,20929,0.911,50
芥川竜之介,杜子春,9097,0.973,7
芥川竜之介,桃太郎,4401,0.965,3
芥川竜之介,森先生,509,1,0
芥川竜之介,槍が岳に登った記,2538,1,0
芥川竜之介,歯車,25051,0.963,25
芥川竜之介,母,8455,0.929,16
芥川竜之介,河童,37225,0.973,28
芥川竜之介,沼地,1838,0.949,3
芥川竜之介,湖南の扇,8963,0.962,10
芥川竜之介,滝田哲太郎氏,1228,1,0
芥川竜之介,点鬼簿,4323,0.987,2
芥川竜之介,煙管,6363,0.968,5
芥川竜之介,父,3364,0.95,5
芥川竜之介,犬と笛,7648,0.947,10
芥川竜之介,猿蟹合戦,2236,1,0
芥川竜之介,玄鶴山房,12317,0.991,3
芥川竜之介,疑惑,12291,0.951,7
芥川竜之介,白,7538,0.916,18
芥川竜之介,神神の微笑,8852,0.98,6
芥川竜之介,秋山図,7446,0.975,8
芥川竜之介,竜,9371,0.901,11
芥川竜之介,素戔嗚尊,42568,0.953,48
芥川竜之介,羅生門,5685,0.993,1
芥川竜之介,葱,8125,0.938,9
芥川竜之介,藪の中,8449,0.988,1
芥川竜之介,蜃気楼,4586,0.979,2
芥川竜之介,蜘蛛の糸,2872,0.947,4
芥川竜之介,蜜柑,3159,0.979,1
芥川竜之介,袈裟と盛遠,7520,1,0
芥川竜之介,西郷隆盛,10843,0.943,19
芥川竜之介,路上,42974,0.908,98
芥川竜之介,運,6903,0.971,6
芥川竜之介,邪宗門,39837,0.977,13
芥川竜之介,開化の良人,16426,0.901,22
芥川竜之介,飯田蛇笏,1471,1,0
芥川竜之介,首が落ちた話,7575,0.94,6
芥川竜之介,馬の脚,10946,0.945,18
芥川竜之介,魔術,7167,0.952,14
芥川竜之介,黄粱夢,970,0.93,4
芥川竜之介,黒衣聖母,4309,0.907,10
芥川竜之介,鼻,5737,0.998,1
菊池寛,ある恋の話,14387,0.968,6
菊池寛,ある抗議書,17233,0.908,22
菊池寛,三浦右衛門の最後,6985,0.924,14
菊池寛,乱世,15615,0.934,21
菊池寛,仇討三態,15987,0.935,22
菊池寛,仇討禁止令,17003,0.938,22
菊池寛,俊寛,17372,0.953,16
菊池寛,出世,8801,0.969,5
菊池寛,勝負事,3930,0.912,5
菊池寛,吉良上野の立場,11200,0.96,18
菊池寛,大島が出来る話,9817,0.936,15
菊池寛,奉行と人相学,7975,0.947,10
菊池寛,屋上の狂人,7644,0.904,18
菊池寛,島原心中,14225,0.922,19
菊池寛,形,1677,0.982,1
菊池寛,恩を返す話,8961,0.953,10
菊池寛,恩讐の彼方に,22653,0.95,23
菊池寛,無名作家の日記,21363,0.941,28
菊池寛,父帰る,7608,0.951,6
菊池寛,真珠夫人,287270,0.912,594
菊池寛,第二の接吻,120722,0.976,89
菊池寛,義民甚兵衛,20509,0.911,43
菊池寛,芥川の事ども,5550,0.929,6
菊池寛,若杉裁判長,10198,0.913,15
菊池寛,蘭学事始,15426,0.952,13
菊池寛,身投げ救助業,5906,0.949,7
菊池寛,青木の出京,21421,0.912,33
菊池幽芳,雲仙岳,22167,0.942,18
萩原朔太郎,ウォーソン夫人の黒猫,6943,0.977,4
萩原朔太郎,日清戦争異聞_原田重吉の夢,2825,0.985,1
萩原朔太郎,猫町_散文詩風な小説,10343,0.955,15
萩原朔太郎,老年と人生,6483,0.946,5
葛西善蔵,遊動円木,2593,1,0
西田幾多郎,善の研究,123504,0.927,119
谷崎潤一郎,吉野葛,36875,0.933,35
谷崎潤一郎,猫と庄造と二人のおんな,68087,0.983,25
谷崎潤一郎,痴人の愛,179461,0.982,47
谷崎潤一郎,秘密,14515,0.972,6
谷崎潤一郎,紀伊国狐憑漆掻語,9140,0.931,6
谷崎潤一郎,細雪_01上巻,150705,0.948,72
谷崎潤一郎,細雪_02中巻,194760,0.975,75
谷崎潤一郎,細雪_03下巻,226895,0.936,88
谷崎潤一郎,蓼喰う虫,110139,0.954,97
谷崎潤一郎,途上,16047,0.977,4
近松秋江,狂乱,40102,0.935,35
近松秋江,霜凍る宵,44697,0.938,33
近松秋江,黒髪,23415,0.945,19
野村胡堂,胡堂百話,122807,0.987,37
野村胡堂,銭形平次捕物控_011南蛮秘法箋,15024,0.921,23
野村胡堂,銭形平次捕物控_022名馬罪あり,13560,0.94,17
野村胡堂,銭形平次捕物控_024平次女難,15325,0.904,30
野村胡堂,銭形平次捕物控_026綾吉殺し,15091,0.922,31
野村胡堂,銭形平次捕物控_032路地の足跡,13668,0.9,27
野村胡堂,銭形平次捕物控_048お藤は解く,13961,0.943,20
野村胡堂,銭形平次捕物控_050碁敵,15176,0.901,42
野村胡堂,銭形平次捕物控_051迷子札,13008,0.944,18
野村胡堂,銭形平次捕物控_057死の矢文,12556,0.914,21
野村胡堂,銭形平次捕物控_059酒屋火事,15055,0.9,29
野村胡堂,銭形平次捕物控_060蝉丸の香炉,14904,0.942,22
野村胡堂,銭形平次捕物控_062城の絵図面,14263,0.91,22
野村胡堂,銭形平次捕物控_063花見の仇討,13334,0.926,22
野村胡堂,銭形平次捕物控_073黒い巾着,14449,0.922,30
野村胡堂,銭形平次捕物控_074二度死んだ男,14128,0.908,24
野村胡堂,銭形平次捕物控_077八五郎の恋,13575,0.931,21
野村胡堂,銭形平次捕物控_086縁結び,15388,0.9,31
野村胡堂,銭形平次捕物控_101お秀の父,12483,0.947,15
野村胡堂,銭形平次捕物控_103巨盗還る,14922,0.968,10
野村胡堂,銭形平次捕物控_105刑場の花嫁,14624,0.96,8
野村胡堂,銭形平次捕物控_108ガラッ八手柄話,10436,0.986,6
野村胡堂,銭形平次捕物控_111火遁の術,14778,0.967,11
野村胡堂,銭形平次捕物控_112狐の嫁入,13874,0.945,16
野村胡堂,銭形平次捕物控_113北冥の魚,11140,0.958,13
野村胡堂,銭形平次捕物控_114遺書の罪,12861,0.964,13
野村胡堂,銭形平次捕物控_115二階の娘,15694,0.948,14
野村胡堂,銭形平次捕物控_116女の足跡,14263,0.965,10
野村胡堂,銭形平次捕物控_117雪の夜,15179,0.956,14
野村胡堂,銭形平次捕物控_118吹矢の紅,12285,0.953,11
野村胡堂,銭形平次捕物控_122お由良の罪,13145,0.946,11
野村胡堂,銭形平次捕物控_123矢取娘,13069,0.986,6
野村胡堂,銭形平次捕物控_124唖娘,11913,0.957,9
野村胡堂,銭形平次捕物控_126辻斬,10789,0.967,9
野村胡堂,銭形平次捕物控_127弥惣の死,11106,0.959,8
野村胡堂,銭形平次捕物控_137紅い扱帯,10692,0.941,13
野村胡堂,銭形平次捕物控_138第廿七吉,11054,0.977,7
野村胡堂,銭形平次捕物控_140五つの命,10607,0.993,2
野村胡堂,銭形平次捕物控_141二枚の小判,12209,0.938,15
野村胡堂,銭形平次捕物控_143仏喜三郎,10428,0.953,10
野村胡堂,銭形平次捕物控_144茶碗割り,10146,0.967,8
野村胡堂,銭形平次捕物控_146秤座政談,10167,0.96,10
野村胡堂,銭形平次捕物控_147縞の財布,9940,0.954,11
野村胡堂,銭形平次捕物控_150槍の折れ,13322,0.966,11
野村胡堂,銭形平次捕物控_152棟梁の娘,14783,0.938,18
野村胡堂,銭形平次捕物控_182尼が紅,10475,0.959,7
野村胡堂,銭形平次捕物控_200死骸の花嫁,12062,0.945,12
野村胡堂,銭形平次捕物控_237毒酒薬酒,24417,0.912,43
野村胡堂,銭形平次捕物控_239群盗,26124,0.911,45
野村胡堂,銭形平次捕物控_241人違い殺人,25450,0.979,8
野村胡堂,銭形平次捕物控_242腰抜け彌八,25198,0.975,21
野村胡堂,銭形平次捕物控_243猿回し,24599,0.979,15
野村胡堂,銭形平次捕物控_245春宵,24567,0.971,17
野村胡堂,銭形平次捕物控_297花見の留守,13928,0.948,12
野村胡堂,銭形平次捕物控_320お六の役目,13478,0.978,5
野村胡堂,銭形平次捕物控_321橋場の人魚,13318,0.976,8
野村胡堂,銭形平次捕物控_349笛吹兵二郎,10902,0.977,5
野村胡堂,銭形平次捕物控_376橋の上の女,11603,0.97,6
金子ふみ子,父,10025,0.955,11
鈴木三重吉,ぶくぶく長々火の目小僧,11565,0.921,25
鈴木三重吉,やどなし犬,9432,0.949,14
鈴木三重吉,デイモンとピシアス,4621,1,0
鈴木三重吉,千鳥,19875,0.904,67
鈴木三重吉,大震火災記,11201,0.916,12
鈴木三重吉,岡の家,2793,1,0
鈴木三重吉,湖水の女,5383,0.954,6
鈴木三重吉,黄金鳥,12805,0.952,15
長谷川伸,瞼の母,25556,0.945,31
須川邦彦,無人島に生きる十六人,99571,0.991,23
高山毅,福沢諭吉_ペンは剣よりも強し,54288,0.983,20
高村光太郎,智恵子の半生,12693,0.906,17
高浜虚子,俳句とはどんなものか,50722,0.919,95
高浜虚子,別府温泉,13266,0.986,5
高浜虚子,子規居士と余,48697,0.957,37
高見順,いやな感じ,289220,0.938,529
高見順,如何なる星の下に,118550,0.922,167
黒島伝治,まかないの棒,4486,0.953,6
黒島伝治,砂糖泥棒,4075,0.934,11
黒島伝治,紋,4444,0.936,10
黒島伝治,老夫婦,12841,0.923,29
黒島伝治,雪のシベリア,9133,0.91,23
